RK,PLAYER,TEAM,AB,R,H,2B,3B,HR,RBI,SB,CS,BB,SO,AVG,OBP,SLG,OPS,WAR
1,Kyle Gibson,MIN,2,2,2,0,0,0,0,0,0,0,0,1.000,1.000,1.000,2.000,0.1
 ,Enny Romero,KC/WSH/PIT,1,1,1,1,0,0,0,0,0,0,0,1.000,1.000,2.000,3.000,0.1
 ,Vidal Nuno,TB,2,0,2,0,0,0,1,0,0,0,0,1.000,1.000,1.000,2.000,0.1
 ,Derek Law,SF,1,1,1,0,0,0,0,0,0,0,0,1.000,1.000,1.000,2.000,0.1
 ,Randy Rosario,CHC,1,1,1,0,0,0,1,0,0,1,0,1.000,1.000,1.000,2.000,0.1
 ,Kolby Allard,ATL,1,1,1,0,0,0,0,0,0,0,0,1.000,1.000,1.000,2.000,0.4
 ,Chad Sobotka,ATL,1,0,1,0,0,0,0,0,0,0,0,1.000,1.000,1.000,2.000,0.1
8,Dan Jennings,MIL,3,1,2,1,0,0,0,0,0,0,1,.667,.667,1.000,1.667,0.2
 ,Ryan Lavarnway,PIT,6,1,4,1,0,0,1,0,0,0,1,.667,.667,.833,1.500,0.2
10,Ian Kennedy,KC,2,0,1,0,0,0,0,0,0,0,0,.500,.500,.500,1.000,0.1
 ,Jerry Blevins,NYM,2,0,1,0,0,0,1,0,0,0,1,.500,.500,.500,1.000,0.1
 ,Jesse Biddle,ATL,2,0,1,1,0,0,1,0,0,0,0,.500,.500,1.000,1.500,0.1
 ,Chris Rusin,COL,4,0,2,0,0,0,0,0,0,0,1,.500,.500,.500,1.000,0.1
 ,Josh Hader,MIL,2,1,1,0,0,0,0,0,0,0,1,.500,.500,.500,1.000,0.1
 ,Zach Vincej,SEA,4,0,2,0,0,0,1,0,0,0,1,.500,.500,.500,1.000,-0.0
 ,Roenis Elias,SEA,2,0,1,0,0,0,0,0,0,0,1,.500,.500,.500,1.000,0.1
 ,Dustin Garneau,CHW,2,0,1,0,0,0,1,0,0,1,0,.500,.667,.500,1.167,-0.0
 ,Christian Bergman,SEA,2,0,1,0,0,0,1,0,0,0,0,.500,.500,.500,1.000,0.1
 ,Jorge Lopez,KC/MIL,2,1,1,1,0,0,2,0,0,0,1,.500,.500,1.000,1.500,0.1
 ,Dennis Santana,LAD,2,0,1,1,0,0,2,0,0,0,1,.500,.500,1.000,1.500,0.1
21,Rick Porcello,BOS,7,1,3,2,0,0,3,0,0,0,3,.429,.429,.714,1.143,0.2
22,Mark Zagunis,CHC,5,0,2,1,0,0,1,0,0,1,1,.400,.500,.600,1.100,0.1
 ,Taylor Davis,CHC,5,0,2,0,0,0,2,0,0,0,1,.400,.333,.400,.733,0.0
24,Ryder Jones,SF,8,2,3,0,0,2,3,0,0,0,5,.375,.375,1.125,1.500,0.2
25,Willians Astudillo,MIN,93,9,33,4,1,3,21,0,0,2,3,.355,.371,.516,.887,1.0
26,Mookie Betts,BOS,520,129,180,47,5,32,80,30,6,81,91,.346,.438,.640,1.078,10.9
27,Juan Lagares,NYM,59,9,20,1,1,0,6,3,1,3,9,.339,.375,.390,.765,1.0
28,J.A. Happ,NYY/TOR,6,2,2,0,0,0,0,0,0,1,3,.333,.429,.333,.762,0.1
 ,Wade LeBlanc,SEA,3,0,1,0,0,0,0,0,0,0,2,.333,.333,.333,.667,0.1
 ,Mike Minor,TEX,3,0,1,1,0,0,0,0,0,0,1,.333,.333,.667,1.000,0.1
 ,A.J. Cole,NYY/WSH,3,1,1,0,0,1,1,0,0,0,1,.333,.333,1.333,1.667,0.2
 ,Deck McGuire,LAA/TOR,3,0,1,0,0,0,0,0,0,0,1,.333,.333,.333,.667,0.0
 ,Marcus Stroman,TOR,3,0,1,0,0,0,0,0,0,0,1,.333,.333,.333,.667,0.0
 ,Sam Gaviglio,TOR,3,0,1,1,0,0,0,0,0,0,1,.333,.333,.667,1.000,0.1
 ,Matt Grace,WSH,3,0,1,0,0,0,0,0,0,0,0,.333,.333,.333,.667,0.0
 ,Jung Ho Kang,PIT,6,0,2,0,0,0,0,0,0,0,1,.333,.333,.333,.667,-0.0
 ,Daniel Mengden,OAK,3,1,1,0,0,0,1,0,0,0,1,.333,.333,.333,.667,0.0
 ,Brad Keller,KC,3,1,1,0,0,0,0,0,0,0,1,.333,.333,.333,.667,0.0
 ,Jeff Brigham,MIA,3,1,1,0,0,0,0,0,0,0,1,.333,.333,.333,.667,0.1
 ,P.J. Conlon,NYM,3,1,1,0,0,0,0,0,0,0,0,.333,.333,.333,.667,0.0
41,Myles Straw,HOU,9,4,3,0,0,1,1,2,0,1,0,.333,.400,.667,1.067,0.2
42,J.D. Martinez,BOS,569,111,188,37,2,43,130,6,1,69,146,.330,.402,.629,1.031,6.4
43,Jeff McNeil,NYM,225,35,74,11,6,3,19,7,1,14,24,.329,.381,.471,.852,2.4
44,Christian Yelich,MIL,574,118,187,34,7,36,110,22,4,68,135,.326,.402,.598,1.000,7.6
45,Luke Voit,NYY/STL,143,30,46,5,0,15,36,0,0,17,43,.322,.398,.671,1.069,1.4
46,Lonnie Chisenhall,CLE,84,11,27,6,1,1,9,1,0,8,12,.321,.394,.452,.846,0.1
47,Jose Altuve,HOU,534,84,169,29,2,13,61,17,4,55,79,.316,.386,.451,.837,5.2
48,Rowdy Tellez,TOR,70,10,22,9,0,4,14,0,0,2,21,.314,.329,.614,.943,0.4
49,Justin Turner,LAD,365,62,114,31,1,14,52,2,1,47,54,.312,.406,.518,.924,4.5
50,Mike Trout,LAA,471,101,147,24,4,39,79,24,2,122,124,.312,.460,.628,1.088,10.2
51,Yandy Diaz,CLE,109,15,34,5,2,1,15,0,0,11,19,.312,.375,.422,.797,0.2
52,Scooter Gennett,CIN,584,86,181,30,3,23,92,4,2,42,125,.310,.357,.490,.847,4.2
53,Freddie Freeman,ATL,618,94,191,44,4,23,98,10,3,76,132,.309,.388,.505,.892,6.1
54,Michael Brantley,CLE,570,89,176,36,2,17,76,12,3,48,60,.309,.364,.468,.832,3.6
55,Anthony Rendon,WSH,529,88,163,44,2,24,92,2,1,55,82,.308,.374,.535,.909,4.2
56,Lorenzo Cain,MIL,539,90,166,25,2,10,38,30,7,71,94,.308,.395,.417,.813,6.9
57,Wilson Ramos,PHI/TB,382,39,117,22,1,15,70,0,0,32,80,.306,.358,.487,.845,2.7
58,Ben Zobrist,CHC,455,67,139,28,3,9,58,3,4,55,60,.305,.378,.440,.817,3.3
59,Jose Martinez,STL,534,64,163,30,0,17,83,0,3,49,104,.305,.364,.457,.821,1.5
60,Whit Merrifield,KC,632,88,192,43,3,12,60,45,10,61,114,.304,.367,.438,.806,5.5
61,Jean Segura,SEA,586,91,178,29,3,10,63,20,11,32,69,.304,.341,.415,.755,4.3
62,Robinson Cano,SEA,310,44,94,22,0,10,50,0,0,32,47,.303,.374,.471,.845,3.2
63,Howie Kendrick,WSH,152,17,46,14,0,4,12,1,1,5,29,.303,.331,.474,.805,-0.2
64,Adam Eaton,WSH,319,55,96,18,1,5,33,9,1,38,64,.301,.394,.411,.805,1.1
65,Harold Castro,DET,10,2,3,0,0,0,0,1,0,0,2,.300,.300,.300,.600,0.0
 ,German Marquez,COL,60,4,18,0,0,1,5,0,0,0,11,.300,.300,.350,.650,0.7
 ,Andrew Velazquez,TB,10,3,3,1,0,0,0,1,0,1,3,.300,.417,.400,.817,0.3
68,Joey Wendle,TB,487,62,146,33,6,7,61,16,4,37,96,.300,.354,.435,.789,4.3
69,Corey Dickerson,PIT,504,65,151,35,7,13,55,8,3,21,80,.300,.330,.474,.804,3.8
70,Jesse Winker,CIN,281,38,84,16,0,7,43,0,0,49,46,.299,.405,.431,.836,-0.1
71,Daniel Murphy,CHC/WSH,328,40,98,15,0,12,42,3,0,20,40,.299,.336,.454,.790,-0.9
72,Miguel Cabrera,DET,134,17,40,11,0,3,22,0,0,22,27,.299,.395,.448,.843,0.6
73,Nicholas Castellanos,DET,620,88,185,46,5,23,89,2,1,49,151,.298,.354,.500,.854,2.9
74,Manny Machado,BAL/LAD,632,84,188,35,3,37,107,14,2,70,104,.297,.367,.538,.905,5.7
75,Nick Markakis,ATL,623,78,185,43,2,14,93,1,1,72,80,.297,.366,.440,.806,2.6
76,Miguel Andujar,NYY,573,83,170,47,2,27,92,2,1,25,97,.297,.328,.527,.855,2.2
77,Nolan Arenado,COL,590,104,175,38,2,38,110,2,2,73,122,.297,.374,.561,.935,5.6
78,David Freese,LAD/PIT,280,38,83,12,2,11,51,0,0,24,72,.296,.359,.471,.830,2.1
79,Nick Martini,OAK,152,26,45,9,3,1,19,0,0,21,36,.296,.397,.414,.811,1.3
80,Mallex Smith,TB,480,65,142,27,10,2,40,40,12,47,98,.296,.367,.406,.773,3.5
81,Matt Duffy,TB,503,59,148,22,1,4,44,12,6,47,93,.294,.361,.366,.727,2.4
82,Ronald Acuna Jr.,ATL,433,78,127,26,4,26,64,16,5,45,123,.293,.366,.552,.917,4.1
83,Pablo Reyes,PIT,58,9,17,2,0,3,7,0,1,5,11,.293,.349,.483,.832,0.3
84,Richard Urena,TOR,99,10,29,4,0,1,6,2,1,7,32,.293,.340,.364,.703,0.5
85,Curt Casali,CIN,140,15,41,10,0,4,16,0,2,12,32,.293,.355,.450,.805,0.9
 ,David Peralta,ARI,560,75,164,25,5,30,87,4,0,48,124,.293,.352,.516,.868,3.9
87,Mason Williams,CIN,123,10,36,5,1,2,6,1,2,7,29,.293,.331,.398,.729,0.1
88,Andrelton Simmons,LAA,554,68,162,26,5,11,75,10,2,35,44,.292,.337,.417,.754,6.2
89,Kevan Smith,CHW,171,21,50,6,0,3,21,1,0,10,18,.292,.348,.380,.728,0.5
90,Juan Soto,WSH,414,77,121,25,1,22,70,5,2,79,99,.292,.406,.517,.923,3.0
91,Trevor Story,COL,598,88,174,42,6,37,108,27,6,47,168,.291,.348,.567,.914,5.6
92,Charlie Blackmon,COL,626,119,182,31,7,29,70,12,4,59,134,.291,.358,.502,.860,0.8
93,Yuli Gurriel,HOU,537,70,156,33,1,13,85,5,1,23,63,.291,.323,.428,.751,2.2
94,Javier Baez,CHC,606,101,176,40,9,34,111,21,9,29,167,.290,.326,.554,.881,6.3
95,Reese McGuire,TOR,31,5,9,3,0,2,4,1,0,2,9,.290,.333,.581,.914,0.4
 ,Michael Lorenzen,CIN,31,5,9,1,0,4,10,0,0,2,9,.290,.333,.710,1.043,0.7
97,Andrew Benintendi,BOS,579,103,168,41,6,16,87,21,3,71,106,.290,.366,.465,.830,3.9
98,Paul Goldschmidt,ARI,593,95,172,35,5,33,83,7,4,90,173,.290,.389,.533,.922,5.4
99,Matt Kemp,LAD,462,62,134,25,0,21,85,0,0,36,115,.290,.338,.481,.818,1.1
100,Xander Bogaerts,BOS,513,72,148,45,3,23,103,8,2,55,102,.288,.360,.522,.883,3.8
101,Ramon Laureano,OAK,156,27,45,12,1,5,19,7,1,16,50,.288,.358,.474,.832,2.1
102,Victor Robles,WSH,59,8,17,3,1,3,10,3,2,4,12,.288,.348,.525,.874,0.4
103,Jorge Polanco,MIN,302,38,87,18,3,6,42,7,7,25,62,.288,.345,.427,.773,1.5
104,Eddie Rosario,MIN,559,87,161,31,2,24,77,8,2,30,104,.288,.323,.479,.803,3.6
105,Jose Peraza,CIN,632,85,182,31,4,14,58,23,6,29,75,.288,.326,.416,.742,2.3
106,Austin Meadows,PIT/TB,178,19,51,9,2,6,17,5,1,10,40,.287,.325,.461,.785,-0.2
107,Alex Bregman,HOU,594,105,170,51,1,31,103,10,4,96,85,.286,.394,.532,.926,6.9
108,Albert Almora Jr.,CHC,444,62,127,24,1,5,41,1,3,24,83,.286,.323,.378,.701,1.7
109,Michael Reed,ATL,7,1,2,0,0,0,0,0,0,0,3,.286,.286,.286,.571,-0.0
 ,Elias Diaz,PIT,252,33,72,12,0,10,34,0,1,21,40,.286,.339,.452,.792,1.6
 ,Aramis Garcia,SF,63,8,18,1,0,4,9,0,0,2,31,.286,.308,.492,.800,0.3
112,Shohei Ohtani,LAA,326,59,93,21,2,22,61,10,4,37,102,.285,.361,.564,.925,2.7
113,Mitch Haniger,SEA,596,90,170,38,4,26,93,8,2,70,148,.285,.366,.493,.859,6.1
114,Joey Votto,CIN,503,67,143,28,2,12,67,2,0,108,101,.284,.417,.419,.837,3.5
115,Gerardo Parra,COL,401,52,114,17,0,6,53,11,4,32,75,.284,.342,.372,.714,0.5
116,Buster Posey,SF,398,47,113,22,1,5,41,3,2,45,53,.284,.359,.382,.741,2.9
117,Michael Perez,TB,74,9,21,5,0,1,11,0,0,3,19,.284,.304,.392,.696,0.4
118,Steve Pearce,BOS/TOR,215,35,61,14,1,11,42,0,0,29,41,.284,.378,.512,.890,1.4
119,Matt Holliday,COL,53,3,15,2,0,2,3,0,0,12,18,.283,.415,.434,.849,0.1
120,Eugenio Suarez,CIN,527,79,149,22,2,34,104,1,1,64,142,.283,.366,.526,.892,4.2
121,Anthony Rizzo,CHC,566,74,160,29,1,25,101,6,4,70,80,.283,.376,.470,.846,2.7
122,Joe Mauer,MIN,486,64,137,27,1,6,48,0,1,51,86,.282,.351,.379,.729,1.2
123,Lourdes Gurriel Jr.,TOR,249,30,70,8,0,11,35,1,2,9,59,.281,.309,.446,.755,0.1
124,Adam Jones,BAL,580,54,163,35,0,15,63,7,1,24,93,.281,.313,.419,.732,0.2
125,Marcell Ozuna,STL,582,69,163,16,2,23,88,3,0,38,110,.280,.325,.433,.758,2.9
126,Melky Cabrera,CLE,250,28,70,17,0,6,39,1,1,20,38,.280,.335,.420,.755,-0.0
 ,Ronald Torreyes,NYY,100,9,28,7,1,0,7,0,0,2,16,.280,.294,.370,.664,0.3
128,Franmil Reyes,SD,261,36,73,9,0,16,31,0,0,24,80,.280,.340,.498,.838,1.6
129,Ryan LaMarre,CHW/MIN,165,15,46,11,0,2,18,2,2,10,53,.279,.322,.382,.704,0.5
130,Aaron Judge,NYY,413,77,115,22,0,27,67,6,3,76,152,.278,.392,.528,.919,5.5
131,Starlin Castro,MIA,593,76,165,32,2,12,54,6,4,48,124,.278,.329,.400,.729,3.3
132,Matt Chapman,OAK,547,100,152,42,6,24,68,1,2,58,146,.278,.356,.508,.864,8.2
133,Willy Adames,TB,288,43,80,7,0,10,34,6,5,31,95,.278,.348,.406,.754,2.0
134,Starling Marte,PIT,559,81,155,32,5,20,72,33,14,35,109,.277,.327,.460,.787,3.7
135,Brock Holt,BOS,321,41,89,18,2,7,46,7,7,37,73,.277,.362,.411,.774,1.3
136,Colin Moran,PIT,415,49,115,19,1,11,58,0,2,39,82,.277,.340,.407,.747,1.0
137,Francisco Lindor,CLE,661,129,183,42,2,38,92,25,10,70,107,.277,.352,.519,.871,7.9
138,J.T. Realmuto,MIA,477,74,132,30,3,21,74,3,2,38,104,.277,.340,.484,.825,4.3
 ,Adam Frazier,PIT,318,52,88,23,2,10,35,1,3,29,53,.277,.342,.456,.798,2.7
140,Carlos Gonzalez,COL,463,71,128,32,4,16,64,5,2,37,113,.276,.329,.467,.796,0.4
141,Yairo Munoz,STL,293,39,81,16,0,8,42,5,6,30,71,.276,.350,.413,.763,0.2
142,Adalberto Mondesi,KC,275,47,76,13,3,14,37,32,7,11,77,.276,.306,.498,.804,3.2
143,Tyler White,HOU,210,27,58,12,3,12,42,0,1,24,49,.276,.354,.533,.888,1.6
144,Adrian Sanchez,WSH,58,8,16,2,1,0,3,0,0,1,8,.276,.288,.345,.633,0.1
145,DJ LeMahieu,COL,533,90,147,32,2,15,62,6,5,37,82,.276,.321,.428,.749,3.0
146,Tommy Pham,STL/TB,494,102,136,18,6,21,63,15,7,67,140,.275,.367,.464,.830,3.4
147,Omar Narvaez,CHW,280,30,77,14,1,9,30,0,2,38,65,.275,.366,.429,.794,1.9
 ,Garrett Hampson,COL,40,3,11,3,1,0,4,2,0,7,12,.275,.396,.400,.796,0.3
149,David Fletcher,LAA,284,35,78,18,2,1,25,3,0,15,34,.275,.316,.363,.678,2.0
150,Jesus Aguilar,MIL,492,80,135,25,0,35,108,0,0,58,143,.274,.352,.539,.890,3.2
151,David Dahl,COL,249,31,68,11,3,16,48,5,3,19,68,.273,.325,.534,.859,0.6
152,Brian Anderson,MIA,590,87,161,34,4,11,65,2,4,62,129,.273,.357,.400,.757,3.9
153,Robbie Grossman,MIN,396,50,108,27,1,5,48,0,1,60,83,.273,.367,.384,.751,1.5
 ,Matt Skole,CHW,11,2,3,0,0,1,1,0,0,2,3,.273,.385,.545,.930,0.0
 ,Peter O'Brien,MIA,66,8,18,5,0,4,10,0,0,7,22,.273,.338,.530,.868,0.7
 ,Abiatal Avelino,SF,11,1,3,0,0,0,0,0,0,0,3,.273,.273,.273,.545,0.1
157,Adrian Beltre,TEX,433,49,118,23,1,15,65,1,0,34,96,.273,.328,.434,.763,2.2
158,Kris Bryant,CHC,389,59,106,28,3,13,52,2,4,48,107,.272,.374,.460,.834,1.9
159,Ben Gamel,SEA,257,37,70,14,4,1,19,7,3,31,61,.272,.358,.370,.728,0.5
160,Eduardo Escobar,MIN/ARI,566,75,154,48,3,23,84,2,4,52,126,.272,.334,.489,.824,3.2
161,Johan Camargo,ATL,464,63,126,27,1,19,76,1,1,51,108,.272,.349,.457,.806,3.7
162,A.J. Ellis,SD,151,19,41,8,0,1,15,0,0,26,37,.272,.378,.344,.722,0.3
163,Gleyber Torres,NYY,431,54,117,16,1,24,77,6,2,42,122,.271,.340,.480,.820,2.9
164,Leury Garcia,CHW,258,23,70,7,4,4,32,12,1,9,69,.271,.303,.376,.679,0.8
165,Trea Turner,WSH,664,103,180,27,6,19,73,43,9,69,132,.271,.344,.416,.760,4.1
166,Kurt Suzuki,ATL,347,45,94,24,0,12,50,0,0,22,43,.271,.332,.444,.776,2.1
167,Jason Heyward,CHC,440,67,119,23,4,8,57,1,1,42,60,.270,.335,.395,.731,1.6
168,Charlie Culberson,ATL,296,47,80,18,2,12,45,4,2,21,85,.270,.326,.466,.792,1.3
169,Maikel Franco,PHI,433,48,117,17,1,22,68,1,0,29,62,.270,.314,.467,.780,0.2
170,Jose Ramirez,CLE,578,110,156,38,4,39,105,34,6,106,80,.270,.387,.552,.939,7.9
171,Craig Gentry,BAL,156,13,42,5,2,1,11,12,3,11,31,.269,.321,.346,.668,1.1
 ,Hyun-Jin Ryu,LAD,26,4,7,1,0,0,2,0,0,2,13,.269,.321,.308,.629,0.3
173,Jose Iglesias,DET,432,43,116,31,3,5,48,15,6,19,47,.269,.310,.389,.699,2.2
174,Mitch Garver,MIN,302,38,81,19,2,7,45,0,0,29,72,.268,.335,.414,.749,0.9
175,Dee Gordon,SEA,556,62,149,17,8,4,36,30,12,9,80,.268,.288,.349,.637,0.6
176,Didi Gregorius,NYY,504,89,135,23,5,27,86,10,6,48,69,.268,.335,.494,.829,4.2
177,Jon Jay,KC/ARI,527,74,141,19,7,3,40,4,3,33,95,.268,.330,.347,.678,0.8
178,Stephen Piscotty,OAK,546,78,146,41,0,27,88,2,0,42,114,.267,.331,.491,.821,2.8
179,Corey Seager,LAD,101,13,27,5,1,2,13,0,0,11,17,.267,.348,.396,.744,0.4
180,Jose Fernandez,LAA,116,9,31,8,0,2,11,1,0,6,15,.267,.309,.388,.697,0.3
181,Jim Adduci,DET,176,19,47,8,2,3,21,1,0,6,45,.267,.290,.386,.676,-0.1
182,Wilmer Flores,NYM,386,43,103,25,0,11,51,0,0,29,42,.267,.319,.417,.736,0.5
183,Jed Lowrie,OAK,596,78,159,37,1,23,99,0,0,78,128,.267,.353,.448,.801,4.8
184,Jon Berti,TOR,15,2,4,1,1,0,2,1,0,0,4,.267,.267,.467,.733,-0.0
 ,Yasiel Puig,LAD,405,60,108,21,1,23,63,15,5,36,87,.267,.327,.494,.820,2.7
 ,Christin Stewart,DET,60,7,16,1,1,2,10,0,0,10,13,.267,.375,.417,.792,-0.1
 ,Miguel Gomez,SF,15,3,4,0,0,0,1,0,0,0,5,.267,.267,.267,.533,0.1
188,Tommy La Stella,CHC,169,23,45,8,0,1,19,0,1,17,27,.266,.340,.331,.672,0.1
189,Giancarlo Stanton,NYY,617,102,164,34,1,38,100,5,0,70,211,.266,.343,.509,.852,4.0
190,Yan Gomes,CLE,403,52,107,26,0,16,48,0,0,21,119,.266,.313,.449,.762,2.6
191,Domingo Santana,MIL,211,21,56,14,1,5,20,1,1,20,77,.265,.328,.412,.740,1.0
192,Jake Cave,MIN,283,54,75,16,2,13,45,2,1,18,102,.265,.313,.473,.786,1.5
193,George Springer,HOU,544,102,144,26,0,22,71,6,4,64,122,.265,.346,.434,.780,2.7
 ,Erik Gonzalez,CLE,136,17,36,10,1,1,16,3,0,5,34,.265,.301,.375,.676,0.6
 ,Clint Frazier,NYY,34,9,9,3,0,0,1,0,0,5,13,.265,.390,.353,.743,-0.1
196,Ender Inciarte,ATL,597,83,158,27,6,10,61,28,14,49,86,.265,.325,.380,.705,3.4
197,Eduardo Nunez,BOS,480,56,127,23,3,10,44,7,2,16,69,.265,.289,.388,.677,-1.1
198,Jorge Soler,KC,223,27,59,18,0,9,28,3,1,28,69,.265,.354,.466,.820,0.9
199,Derek Dietrich,MIA,499,72,132,26,2,16,45,2,0,29,140,.265,.330,.421,.751,0.4
 ,Jose Abreu,CHW,499,68,132,36,1,22,78,2,0,37,109,.265,.325,.473,.798,1.7
201,Tyler Naquin,CLE,174,22,46,7,0,3,23,1,1,6,42,.264,.295,.356,.651,0.8
202,Shin-Soo Choo,TEX,560,83,148,30,1,21,62,6,1,92,156,.264,.377,.434,.810,2.8
203,Charlie Tilson,CHW,106,7,28,1,1,0,11,2,3,10,20,.264,.331,.292,.623,-0.9
 ,Christian Arroyo,TB,53,5,14,2,1,1,6,0,0,6,16,.264,.339,.396,.735,0.2
205,Ryan Zimmerman,WSH,288,33,76,21,2,13,51,1,1,30,55,.264,.337,.486,.824,1.3
206,Harrison Bader,STL,379,61,100,20,2,12,37,15,3,31,125,.264,.334,.422,.756,3.8
207,Max Muncy,LAD,395,75,104,17,2,35,79,3,0,79,131,.263,.391,.582,.973,4.2
208,Brandon Nimmo,NYM,433,77,114,28,8,17,47,9,6,80,140,.263,.404,.483,.886,4.4
209,Brandon Barnes,CLE,19,2,5,0,0,1,2,0,0,2,5,.263,.333,.421,.754,0.0
 ,Ji-Man Choi,MIL/TB,190,25,50,14,1,10,32,2,0,26,55,.263,.357,.505,.863,1.1
211,Aledmys Diaz,TOR,422,55,111,26,0,18,55,3,4,23,62,.263,.303,.453,.756,1.4
212,Danny Valencia,BAL,255,28,67,8,1,9,28,1,1,22,53,.263,.316,.408,.723,-0.1
 ,Tony Kemp,HOU,255,37,67,15,0,6,30,9,3,32,44,.263,.351,.392,.743,0.7
214,Yoenis Cespedes,NYM,141,20,37,6,0,9,29,3,0,13,50,.262,.325,.496,.821,0.9
 ,Daniel Robertson,TB,282,46,74,16,0,9,34,2,2,43,77,.262,.382,.415,.797,2.6
216,Jedd Gyorko,STL,351,49,92,19,1,11,47,2,0,44,77,.262,.346,.416,.762,2.0
217,Asdrubal Cabrera,NYM/PHI,546,68,143,36,1,23,75,0,0,41,119,.262,.316,.458,.774,0.7
218,Ryan O'Hearn,KC,149,23,39,10,2,12,30,0,0,20,45,.262,.353,.597,.950,1.1
219,Jorge Alfaro,PHI,344,35,90,16,2,10,37,3,0,18,138,.262,.324,.407,.731,1.2
220,Dwight Smith Jr.,TOR,65,9,17,8,0,2,8,0,0,7,13,.262,.347,.477,.824,-0.1
221,Josh Bell,PIT,501,74,131,31,4,12,62,2,5,77,104,.261,.357,.411,.768,0.8
222,Yadier Molina,STL,459,55,120,20,0,20,74,4,3,29,66,.261,.314,.436,.750,1.8
223,Ozzie Albies,ATL,639,105,167,40,5,24,72,14,3,36,116,.261,.305,.452,.757,3.8
224,Isiah Kiner-Falefa,TEX,356,43,93,18,2,4,34,7,5,28,62,.261,.325,.357,.682,1.6
225,Denard Span,SEA/TB,437,63,114,22,7,11,58,9,4,51,79,.261,.341,.419,.760,1.9
226,Mark Trumbo,BAL,330,41,86,12,0,17,44,0,0,24,87,.261,.313,.452,.764,0.3
227,John Hicks,DET,288,35,75,12,1,9,32,0,1,22,84,.260,.312,.403,.715,0.2
228,Cody Bellinger,LAD,557,84,145,28,7,25,76,14,1,69,151,.260,.343,.470,.814,4.2
229,Patrick Wisdom,STL,50,11,13,1,0,4,10,2,1,6,19,.260,.362,.520,.882,0.6
230,Alex Verdugo,LAD,77,11,20,6,0,1,4,0,0,8,14,.260,.329,.377,.706,0.4
231,Jonathan Villar,BAL/MIL,466,54,121,14,1,14,46,35,5,41,138,.260,.325,.384,.709,2.7
232,Ketel Marte,ARI,520,68,135,26,12,14,59,6,1,54,79,.260,.332,.437,.768,3.3
233,Roman Quinn,PHI,131,13,34,6,4,2,12,10,4,10,35,.260,.317,.412,.729,0.4
234,Travis Jankowski,SD,347,45,90,12,3,4,17,24,7,37,73,.259,.332,.346,.678,1.1
235,Meibrys Viloria,KC,27,4,7,2,0,0,4,0,0,1,9,.259,.286,.333,.619,-0.0
236,Francisco Cervelli,PIT,332,39,86,15,3,12,57,2,3,51,84,.259,.378,.431,.809,2.6
237,Welington Castillo,CHW,170,17,44,7,0,6,15,1,0,9,46,.259,.304,.406,.710,0.7
238,Renato Nunez,BAL/TEX,236,28,61,14,0,8,22,0,0,19,62,.258,.322,.419,.741,1.3
239,Chad Pinder,OAK,298,43,77,12,1,13,27,0,2,27,88,.258,.332,.436,.769,2.2
240,Nomar Mazara,TEX,489,61,126,25,1,20,77,1,0,40,116,.258,.317,.436,.753,0.8
241,Matt Carpenter,STL,564,111,145,42,0,36,81,4,1,102,158,.257,.374,.523,.897,4.9
242,Justin Upton,LAA,533,80,137,18,1,30,85,8,2,64,176,.257,.344,.463,.808,3.8
243,A.J. Pollock,ARI,413,61,106,21,5,21,65,13,2,31,100,.257,.316,.484,.800,2.5
244,Greg Allen,CLE,265,36,68,11,3,2,20,21,4,14,58,.257,.310,.343,.654,0.4
245,Amed Rosario,NYM,554,76,142,26,8,9,51,24,11,29,119,.256,.295,.381,.676,0.6
246,Nelson Cruz,SEA,519,70,133,18,1,37,97,1,0,55,122,.256,.342,.509,.850,2.9
247,Enrique Hernandez,LAD,402,67,103,17,3,21,52,3,0,50,78,.256,.336,.470,.806,3.2
248,Elvis Andrus,TEX,395,53,101,20,3,6,33,5,3,28,66,.256,.308,.367,.675,1.7
249,Nick Williams,PHI,407,53,104,12,3,17,50,3,2,32,111,.256,.324,.425,.749,-1.0
250,Steven Duggar,SF,141,20,36,11,1,2,17,5,1,10,44,.255,.303,.390,.693,1.1
251,Scott Schebler,CIN,380,55,97,19,0,17,49,4,2,39,99,.255,.337,.439,.777,1.1
252,Andrew McCutchen,NYY/SF,569,83,145,30,3,20,65,14,9,95,145,.255,.368,.424,.792,2.7
253,Marcus Semien,OAK,632,89,161,35,2,15,70,14,6,61,131,.255,.318,.388,.706,4.3
254,Leonys Martin,CLE/DET,318,48,81,15,3,11,33,7,4,30,77,.255,.323,.425,.747,1.9
255,Odubel Herrera,PHI,550,64,140,19,3,22,71,5,2,38,122,.255,.310,.420,.730,0.2
 ,Austin Wynns,BAL,110,16,28,2,0,4,11,0,0,5,25,.255,.287,.382,.669,0.3
257,Ryan Braun,MIL,405,59,103,25,1,20,64,11,5,34,85,.254,.313,.469,.782,1.1
258,Hanley Ramirez,BOS,177,25,45,7,0,6,29,4,1,14,35,.254,.313,.395,.708,0.2
 ,Brandon Crawford,SF,531,63,135,28,2,14,54,4,5,50,122,.254,.325,.394,.719,2.6
260,Joe Panik,SF,358,38,91,14,1,4,24,4,2,26,30,.254,.307,.332,.639,-0.1
261,Tyler O'Neill,STL,130,29,33,5,0,9,23,2,0,7,57,.254,.303,.500,.803,1.4
262,Jurickson Profar,TEX,524,82,133,35,6,20,77,10,0,54,88,.254,.335,.458,.793,2.0
263,Gregory Polanco,PIT,461,75,117,32,6,23,81,12,2,61,117,.254,.340,.499,.839,1.9
264,Chris Taylor,LAD,536,85,136,35,8,17,63,9,6,55,178,.254,.331,.444,.775,4.1
265,C.J. Cron,TB,501,68,127,28,1,30,74,1,2,37,145,.253,.323,.493,.816,2.0
266,Andrew Stevenson,WSH,75,9,19,2,0,1,13,1,1,6,23,.253,.306,.320,.626,-0.2
267,Wil Myers,SD,312,39,79,25,1,11,39,13,1,30,94,.253,.318,.446,.763,2.4
268,Hernan Perez,MIL,316,36,80,11,2,9,29,11,3,17,71,.253,.290,.386,.676,1.0
 ,Rougned Odor,TEX,474,76,120,23,2,18,63,12,12,43,127,.253,.326,.424,.751,2.7
270,Brandon Belt,SF,399,50,101,18,2,14,46,4,0,49,107,.253,.342,.414,.756,2.7
271,Cesar Hernandez,PHI,605,91,153,15,3,15,60,19,6,95,155,.253,.356,.362,.718,1.4
272,Eric Hosmer,SD,613,72,155,31,2,18,69,7,4,62,142,.253,.322,.398,.720,1.4
273,Phillip Ervin,CIN,218,27,55,10,1,7,31,6,1,20,60,.252,.324,.404,.728,-0.4
274,Billy McKinney,NYY/TOR,119,14,30,7,0,6,13,1,0,11,33,.252,.318,.462,.780,0.1
275,Miguel Rojas,MIA,488,44,123,13,0,11,53,6,3,24,69,.252,.297,.346,.643,2.4
276,Kevin Pillar,TOR,512,65,129,40,2,15,59,14,3,18,98,.252,.282,.426,.708,2.5
277,Alen Hanson,SF,294,36,74,17,5,8,39,7,3,9,71,.252,.274,.425,.699,0.5
278,Manny Pina,MIL,306,39,77,13,2,9,28,2,0,21,62,.252,.307,.395,.702,1.1
279,Mike Moustakas,KC/MIL,573,66,144,33,1,28,95,4,1,49,103,.251,.315,.459,.774,2.5
280,Jordy Mercer,PIT,394,43,99,29,2,6,39,2,0,32,87,.251,.315,.381,.696,0.1
281,Austin Slater,SF,199,21,50,6,1,1,23,7,0,20,69,.251,.333,.307,.640,0.2
282,Ehire Adrianza,MIN,335,42,84,23,1,6,39,5,1,24,82,.251,.301,.379,.680,0.4
283,Victor Martinez,DET,467,32,117,21,0,9,54,0,0,32,49,.251,.297,.353,.651,-1.2
284,Carlos Carrasco,CLE,4,0,1,0,0,0,1,0,0,0,2,.250,.250,.250,.500,0.0
 ,Trevor Plouffe,PHI,12,1,3,0,0,1,3,0,0,0,6,.250,.250,.500,.750,0.0
 ,Yonder Alonso,CLE,516,64,129,19,0,23,83,0,0,51,123,.250,.317,.421,.738,1.6
 ,Brett Anderson,OAK,4,0,1,0,0,0,0,0,0,0,0,.250,.250,.250,.500,0.0
 ,Josh Harrison,PIT,344,41,86,13,1,8,37,3,0,18,68,.250,.293,.363,.656,0.3
 ,Drew Hutchison,TEX/PHI,4,0,1,0,0,0,0,0,0,1,2,.250,.400,.250,.650,0.1
 ,Addison Russell,CHC,420,52,105,21,1,5,38,4,0,40,99,.250,.317,.340,.657,2.0
 ,Juan Graterol,LAA/MIN,8,2,2,0,0,0,0,0,0,1,0,.250,.333,.250,.583,0.1
 ,Taylor Williams,MIL,4,0,1,0,0,0,0,0,0,0,3,.250,.250,.250,.500,0.0
 ,Brian Johnson,BOS,4,1,1,0,0,0,0,0,0,0,1,.250,.250,.250,.500,0.0
 ,DJ Stewart,BAL,40,8,10,3,0,3,10,2,1,4,12,.250,.340,.550,.890,0.5
 ,Jose Trevino,TEX,8,0,2,0,0,0,3,0,0,0,1,.250,.250,.250,.500,-0.1
 ,Luis Perdomo,SD,8,0,2,0,0,0,1,0,0,0,3,.250,.222,.250,.472,0.1
 ,Heath Fillmyer,KC,4,0,1,1,0,0,1,0,0,0,3,.250,.250,.500,.750,0.1
 ,Brandon Woodruff,MIL,8,2,2,0,0,1,1,0,0,1,1,.250,.333,.625,.958,0.2
 ,Merandy Gonzalez,MIA,4,0,1,0,0,0,0,0,0,0,2,.250,.250,.250,.500,0.0
 ,Shane Bieber,CLE,4,0,1,1,0,0,0,0,0,1,2,.250,.400,.500,.900,0.1
301,Kendrys Morales,TOR,413,47,103,15,0,21,57,2,3,50,95,.249,.331,.438,.769,0.8
302,Mark Canha,OAK,365,60,91,22,0,17,52,1,2,34,88,.249,.328,.449,.778,1.6
303,Kolten Wong,STL,353,41,88,18,2,9,38,6,5,31,60,.249,.332,.388,.720,3.5
304,Bryce Harper,WSH,550,103,137,34,0,34,100,13,3,130,169,.249,.393,.496,.889,1.3
305,Willson Contreras,CHC,474,50,118,27,5,10,54,4,1,53,121,.249,.339,.390,.730,2.8
306,Jose Pirela,SD,438,54,109,23,2,5,32,6,3,30,89,.249,.300,.345,.645,-0.1
307,Cameron Maybin,SEA/MIA,342,32,85,14,2,4,28,10,5,38,75,.249,.326,.336,.662,1.2
308,Hunter Renfroe,SD,403,53,100,23,1,26,68,2,1,30,109,.248,.302,.504,.805,2.4
309,Joc Pederson,LAD,395,65,98,27,3,25,56,1,5,40,85,.248,.321,.522,.843,2.3
310,Aaron Hicks,NYY,480,90,119,18,3,27,79,11,2,90,111,.248,.366,.467,.833,4.7
311,Pablo Sandoval,SF,230,22,57,10,1,9,40,0,0,19,52,.248,.310,.417,.727,0.1
 ,Tucker Barnhart,CIN,460,50,114,21,3,10,46,0,4,54,96,.248,.328,.372,.699,0.9
 ,Brad Miller,MIL/TB,230,21,57,13,2,7,29,0,0,22,82,.248,.311,.413,.724,0.2
314,Mark Reynolds,WSH,206,26,51,8,0,13,40,0,0,24,64,.248,.328,.476,.803,-0.3
315,Luke Maile,TOR,202,22,50,13,1,3,27,2,0,25,67,.248,.333,.366,.700,1.0
316,Freddy Galvis,SD,602,62,149,31,5,13,67,8,6,45,147,.248,.299,.380,.680,2.3
317,Marwin Gonzalez,HOU,489,61,121,25,3,16,68,2,3,53,126,.247,.324,.409,.733,2.5
318,Danny Jansen,TOR,81,12,20,6,0,3,8,0,0,9,17,.247,.347,.432,.779,0.7
319,Adeiny Hechavarria,NYY/PIT/TB,296,34,73,11,0,6,31,2,0,16,58,.247,.279,.345,.624,0.8
320,Matt Olson,OAK,580,85,143,33,0,29,84,2,1,70,163,.247,.335,.453,.788,4.3
321,Khris Davis,OAK,576,98,142,28,1,48,123,0,0,59,175,.247,.326,.549,.874,2.9
322,Tzu-Wei Lin,BOS,65,15,16,6,1,1,6,0,1,8,17,.246,.329,.415,.744,-0.1
323,Tyler Saladino,CHW/MIL,126,13,31,4,0,5,16,2,2,9,41,.246,.299,.397,.696,0.4
324,Edwin Encarnacion,CLE,500,74,123,16,1,32,107,3,0,63,132,.246,.336,.474,.810,1.9
325,Josh Donaldson,CLE/TOR,187,30,46,14,0,8,23,2,0,31,54,.246,.352,.449,.801,1.2
326,Gregorio Petit,MIN,61,7,15,2,0,0,3,3,1,6,14,.246,.313,.279,.592,0.0
327,Rhys Hoskins,PHI,558,89,137,38,0,34,96,5,3,87,150,.246,.354,.496,.850,0.5
328,Niko Goodrum,DET,444,55,109,29,3,16,53,12,4,42,132,.245,.315,.432,.747,1.5
329,Randal Grichuk,TOR,424,60,104,32,1,25,61,3,2,27,122,.245,.301,.502,.803,2.2
 ,Manuel Margot,SD,477,50,117,26,8,8,51,11,10,32,88,.245,.292,.384,.675,1.5
331,Albert Pujols,LAA,465,50,114,20,0,19,64,1,0,28,65,.245,.289,.411,.700,0.5
332,Alex Gordon,KC,506,56,124,24,0,13,54,12,2,50,124,.245,.324,.370,.694,2.4
333,Mitch Moreland,BOS,404,57,99,23,4,15,68,2,0,50,102,.245,.325,.433,.758,0.9
334,Austin Jackson,NYM/SF,347,29,85,17,1,3,32,3,3,26,133,.245,.299,.326,.624,-1.8
335,Joey Rickard,BAL,213,27,52,10,1,8,23,4,2,15,55,.244,.300,.413,.713,0.4
336,Austin Romine,NYY,242,30,59,12,0,10,42,1,0,17,67,.244,.295,.417,.713,1.4
337,Evan Longoria,SF,480,51,117,25,4,16,54,3,1,22,101,.244,.281,.413,.694,1.9
338,Martin Prado,MIA,197,16,48,9,0,1,18,1,1,11,35,.244,.287,.305,.592,0.3
339,Michael Conforto,NYM,543,78,132,25,1,28,82,3,4,84,159,.243,.350,.448,.797,2.9
340,Max Scherzer,WSH,70,8,17,2,0,0,6,1,0,1,14,.243,.274,.271,.545,0.8
341,Josh Reddick,HOU,433,63,105,13,2,17,47,7,2,49,77,.242,.318,.400,.718,1.8
342,Carlos Martinez,STL,33,1,8,2,0,1,4,0,0,0,11,.242,.235,.394,.629,0.3
343,Trey Mancini,BAL,582,69,141,23,3,24,58,0,1,44,153,.242,.299,.416,.715,-0.1
344,Curtis Granderson,MIL/TOR,343,60,83,22,2,13,38,2,1,54,106,.242,.351,.431,.782,0.9
345,Yolmer Sanchez,CHW,600,62,145,34,10,8,55,14,6,49,138,.242,.306,.372,.678,2.6
346,Justin Smoak,TOR,505,67,122,34,0,25,77,0,1,83,156,.242,.350,.457,.808,2.3
347,Nick Hundley,SF,282,34,68,13,2,10,31,2,1,22,85,.241,.298,.408,.706,-0.0
348,Jonathan Lucroy,OAK,415,41,100,21,1,4,51,0,0,29,65,.241,.291,.325,.617,-0.7
 ,Travis Shaw,MIL,498,73,120,23,0,32,86,5,2,78,108,.241,.345,.480,.825,4.1
350,Yasmani Grandal,LAD,440,65,106,23,2,24,68,2,1,72,124,.241,.349,.466,.815,3.3
351,Lucas Duda,KC/ATL,328,35,79,14,1,14,50,1,0,28,102,.241,.313,.418,.731,0.4
352,Paul DeJong,STL,436,68,105,25,1,19,68,1,1,36,123,.241,.313,.433,.746,3.8
353,Ian Kinsler,BOS/LAA,487,66,117,26,0,14,48,16,7,40,64,.240,.301,.380,.681,2.4
354,Lane Adams,ATL,25,10,6,1,0,2,6,1,0,4,8,.240,.345,.520,.865,0.3
 ,Rafael Devers,BOS,450,59,108,24,0,21,66,5,2,38,121,.240,.298,.433,.731,-0.0
356,Tim Anderson,CHW,567,77,136,28,3,20,64,26,8,30,149,.240,.281,.406,.687,2.5
357,Daniel Palka,CHW,417,56,100,15,3,27,67,2,1,30,153,.240,.294,.484,.778,0.6
358,Teoscar Hernandez,TOR,476,67,114,29,7,22,57,5,5,41,163,.239,.302,.468,.771,0.2
359,Jose Briceno,LAA,117,12,28,2,0,5,10,0,1,8,35,.239,.299,.385,.684,0.5
360,Clayton Kershaw,LAD,46,1,11,2,0,0,7,0,0,7,11,.239,.340,.283,.622,0.7
361,David Bote,CHC,184,23,44,9,2,6,33,3,4,19,60,.239,.319,.408,.727,1.0
362,Brian Goodwin,KC/WSH,159,20,38,6,0,6,25,4,2,16,57,.239,.318,.390,.708,0.1
363,Carlos Correa,HOU,402,60,96,20,1,15,65,3,0,53,111,.239,.323,.405,.728,1.7
364,Matt Adams,WSH/STL,306,42,73,10,0,21,57,0,0,27,73,.239,.309,.477,.786,0.7
365,Dansby Swanson,ATL,478,51,114,25,4,14,59,10,4,44,122,.238,.304,.395,.699,2.3
366,Kyle Schwarber,CHC,428,64,102,14,3,26,61,4,3,78,140,.238,.356,.467,.823,1.5
367,Matt Wieters,WSH,235,24,56,8,0,8,30,0,1,30,45,.238,.330,.374,.704,0.6
368,Daniel Descalso,ARI,349,54,83,22,4,13,57,0,1,64,110,.238,.353,.436,.789,1.1
369,Franchy Cordero,SD,139,19,33,5,1,7,19,5,2,14,55,.237,.307,.439,.746,0.1
370,Chris Herrmann,SEA,76,6,18,4,2,2,7,0,0,10,24,.237,.322,.421,.743,0.5
371,Adrian Gonzalez,NYM,169,15,40,5,0,6,26,0,0,15,34,.237,.299,.373,.672,-0.6
372,Christian Villanueva,SD,351,42,83,15,0,20,46,3,0,23,104,.236,.299,.450,.750,1.8
373,Erik Kratz,MIL,203,18,48,6,0,6,23,1,0,6,40,.236,.280,.355,.634,0.1
374,Guillermo Heredia,SEA,292,29,69,14,1,5,19,2,4,32,52,.236,.318,.342,.661,-0.1
375,Billy Hamilton,CIN,504,74,119,16,9,4,29,34,10,46,132,.236,.299,.327,.626,0.3
376,Ian Desmond,COL,555,82,131,21,8,22,88,20,6,53,146,.236,.307,.422,.729,-0.6
377,Avisail Garcia,CHW,356,47,84,11,2,19,49,3,1,20,102,.236,.281,.438,.719,0.3
378,Brett Gardner,NYY,530,95,125,20,7,12,45,16,2,65,107,.236,.322,.368,.690,2.8
379,Orlando Arcia,MIL,348,32,82,16,0,3,30,7,4,15,87,.236,.268,.307,.576,-0.1
380,Adam Engel,CHW,429,49,101,17,4,6,29,16,8,18,129,.235,.279,.336,.614,0.6
381,Salvador Perez,KC,510,52,120,23,0,27,80,1,1,17,108,.235,.274,.439,.713,2.4
 ,Kyle Farmer,LAD,68,1,16,4,1,0,9,0,0,5,15,.235,.312,.324,.635,0.2
 ,Ryon Healy,SEA,493,51,116,15,0,24,73,0,0,27,113,.235,.277,.412,.688,-0.6
 ,Yoan Moncada,CHW,578,73,136,32,6,17,61,12,6,67,217,.235,.315,.400,.714,2.0
 ,Cedric Mullins,BAL,170,23,40,9,0,4,11,2,3,17,37,.235,.312,.359,.671,-0.2
386,Ronald Guzman,TEX,387,46,91,18,2,16,58,1,0,33,121,.235,.306,.416,.722,0.7
387,Cory Spangenberg,SD,298,35,70,9,4,7,25,6,1,25,108,.235,.298,.362,.661,0.7
388,Nick Ahmed,ARI,516,61,121,33,5,16,70,5,4,40,109,.234,.290,.411,.700,3.2
389,Zack Greinke,ARI,64,6,15,4,0,0,5,3,0,3,16,.234,.269,.297,.566,0.7
 ,Breyvic Valera,BAL/LAD,64,8,15,0,1,0,8,1,0,7,13,.234,.301,.266,.567,-0.1
 ,Alex Blandino,CIN,128,14,30,4,0,1,8,0,0,13,41,.234,.324,.289,.613,0.3
392,Gorkys Hernandez,SF,414,52,97,16,2,15,40,8,5,27,113,.234,.285,.391,.676,0.5
393,Jackie Bradley Jr.,BOS,474,76,111,33,4,13,59,17,1,46,137,.234,.314,.403,.717,2.1
394,Rosell Herrera,KC/CIN,278,25,65,14,3,1,20,3,5,19,57,.234,.286,.317,.602,0.9
395,Andrew Toles,LAD,30,5,7,2,0,0,4,1,0,2,8,.233,.281,.300,.581,0.1
396,Rafael Ortega,MIA,133,10,31,3,1,0,7,5,2,10,23,.233,.287,.271,.557,-0.3
397,Noel Cuevas,COL,146,16,34,4,1,2,10,1,0,6,24,.233,.268,.315,.583,-1.5
 ,Franklin Barreto,OAK,73,10,17,4,0,5,16,0,0,1,29,.233,.253,.493,.746,0.0
399,Rene Rivera,LAA/ATL,86,8,20,4,0,4,11,0,0,4,35,.233,.275,.419,.693,0.3
 ,Jonathan Schoop,BAL/MIL,473,61,110,22,1,21,61,1,1,19,115,.233,.266,.416,.682,1.4
401,Gio Urshela,TOR,43,7,10,1,0,1,3,0,0,2,10,.233,.283,.326,.608,-0.3
 ,Ian Happ,CHC,387,56,90,19,2,15,44,8,4,70,167,.233,.353,.408,.761,0.5
 ,Brandon Lowe,TB,129,16,30,6,2,6,25,2,1,16,38,.233,.324,.450,.774,0.7
404,Devon Travis,TOR,357,41,83,14,3,11,44,3,2,16,64,.232,.275,.381,.656,0.6
405,Victor Caratini,CHC,181,21,42,7,0,2,21,0,0,12,42,.232,.293,.304,.597,-0.0
 ,Ryan McMahon,COL,181,17,42,9,1,5,19,1,0,18,64,.232,.307,.376,.683,0.1
407,Spencer Kieboom,WSH,125,16,29,5,0,2,13,0,0,16,28,.232,.322,.320,.642,0.4
408,Logan Forsythe,MIN/LAD,371,37,86,16,0,2,27,3,0,41,83,.232,.313,.291,.604,-0.1
409,Austin Hedges,SD,303,29,70,14,2,14,37,3,0,21,90,.231,.282,.429,.711,1.4
410,Alcides Escobar,KC,485,54,112,22,3,4,34,8,2,29,74,.231,.279,.313,.593,-0.7
411,Patrick Kivlehan,ARI,13,3,3,0,2,0,0,0,0,0,6,.231,.286,.538,.824,0.1
412,JT Riddle,MIA,308,28,71,10,4,9,36,0,3,20,67,.231,.277,.377,.653,1.3
413,Wilmer Difo,WSH,408,55,94,14,7,7,42,10,3,39,82,.230,.298,.350,.649,0.1
414,Tim Beckham,BAL,369,45,85,17,0,12,35,1,2,27,100,.230,.287,.374,.661,0.7
415,Jason Kipnis,CLE,530,65,122,28,1,18,75,7,1,60,112,.230,.315,.389,.704,1.6
416,Jose Rondon,CHW,100,15,23,6,0,6,14,2,1,7,30,.230,.280,.470,.750,0.5
417,Tyler Austin,MIN/NYY,244,34,56,10,0,17,47,1,2,19,95,.230,.287,.480,.767,0.5
 ,John Andreoli,BAL/SEA,61,4,14,2,0,0,4,2,0,5,19,.230,.284,.262,.546,-0.1
419,Hunter Dozier,KC,362,36,83,19,4,11,34,2,3,24,109,.229,.278,.395,.673,-1.3
420,Blake Swihart,BOS,192,28,44,10,0,3,18,6,1,15,57,.229,.285,.328,.613,-0.3
421,Preston Tucker,ATL/CIN,166,19,38,11,0,6,27,0,0,13,43,.229,.299,.404,.703,-0.4
422,Carlos Santana,PHI,560,82,128,28,2,24,86,2,1,110,93,.229,.352,.414,.766,1.7
423,Matt Davidson,CHW,434,51,99,23,0,20,62,0,0,52,165,.228,.319,.419,.738,1.1
424,Tyler Flowers,ATL,251,34,57,9,0,8,30,0,0,35,76,.227,.341,.359,.700,0.6
425,Justin Bour,PHI/MIA,423,49,96,13,1,20,59,2,0,73,124,.227,.341,.404,.746,0.6
426,Michael Taylor,WSH,353,46,80,22,3,6,28,24,6,29,116,.227,.287,.357,.644,0.9
427,Yangervis Solarte,TOR,468,50,106,20,0,17,54,1,3,31,72,.226,.277,.378,.655,-0.7
428,Bradley Zimmer,CLE,106,14,24,5,0,2,9,4,1,7,44,.226,.281,.330,.611,0.1
 ,Jose Osuna,PIT,106,14,24,9,0,3,11,0,0,3,22,.226,.252,.396,.648,-0.1
430,Max Stassi,HOU,221,28,50,13,0,8,27,0,0,23,74,.226,.316,.394,.710,1.0
431,Ryan Goins,KC,115,10,26,8,1,0,6,0,0,4,29,.226,.252,.313,.565,-0.2
432,Evan Gattis,HOU,407,49,92,17,0,25,78,1,0,33,101,.226,.284,.452,.736,0.4
433,Tom Murphy,COL,93,5,21,7,1,2,11,0,1,3,44,.226,.250,.387,.637,-0.3
434,Scott Kingery,PHI,452,55,102,23,2,8,35,10,3,24,126,.226,.267,.338,.605,-1.4
435,Hunter Pence,SF,235,19,53,11,1,4,24,5,1,11,59,.226,.258,.332,.590,-0.9
436,Pedro Florimon,PHI,71,13,16,6,1,2,5,1,2,5,30,.225,.276,.423,.699,-0.5
437,Martin Maldonado,LAA/HOU,373,39,84,18,1,9,44,0,1,16,98,.225,.276,.351,.627,0.5
438,Tim Federowicz,CIN/HOU,40,5,9,4,0,1,4,0,0,2,16,.225,.262,.400,.662,-0.0
 ,Vince Velasquez,PHI,40,2,9,1,0,0,1,0,0,0,11,.225,.225,.250,.475,0.1
 ,Carlos Tocci,TEX,120,11,27,3,2,0,5,0,3,7,39,.225,.271,.283,.555,-1.3
441,Jorge Bonifacio,KC,236,31,53,16,2,4,23,0,1,29,71,.225,.312,.360,.672,-0.1
442,Rajai Davis,CLE,196,33,44,6,1,1,6,21,7,11,48,.224,.278,.281,.559,-0.4
 ,Jeimer Candelario,DET,539,78,121,28,3,19,54,3,2,66,160,.224,.317,.393,.710,2.0
444,Chris Iannetta,COL,299,36,67,13,1,11,36,0,0,50,87,.224,.345,.385,.730,-0.4
445,Dustin Fowler,OAK,192,19,43,3,2,6,23,6,4,8,47,.224,.256,.354,.610,-0.9
446,Dominic Smith,NYM,143,14,32,11,1,5,11,0,0,4,47,.224,.255,.420,.675,-0.6
447,Max Kepler,MIN,532,80,119,30,4,20,58,4,5,71,96,.224,.319,.408,.727,2.8
448,Jay Bruce,NYM,319,31,71,18,1,9,37,2,3,41,75,.223,.310,.370,.680,-0.4
449,Adam Moore,TB,18,2,4,1,0,1,2,0,0,1,7,.222,.263,.444,.708,0.0
 ,Robinson Chirinos,TEX,360,48,80,15,1,18,65,2,0,45,140,.222,.338,.419,.757,1.5
 ,Corban Joseph,BAL,18,1,4,1,0,0,3,0,0,1,5,.222,.263,.278,.541,-0.1
 ,Jake Lamb,ARI,207,34,46,8,0,6,31,1,2,26,65,.222,.307,.348,.655,0.8
 ,Sam Travis,BOS,36,5,8,3,0,1,7,0,0,2,10,.222,.263,.389,.652,-0.2
 ,Willie Calhoun,TEX,99,8,22,5,0,2,11,0,0,6,24,.222,.269,.333,.602,-0.6
455,Johnny Field,MIN/TB,221,28,49,13,0,9,21,4,0,7,72,.222,.254,.403,.657,0.3
456,Victor Reyes,DET,212,35,47,5,3,1,12,9,1,5,46,.222,.239,.288,.526,-0.8
457,Devin Mesoraco,CIN/NYM,244,24,54,10,0,11,33,0,0,25,52,.221,.303,.398,.700,0.7
458,Kyle Seager,SEA,583,62,129,36,1,22,78,2,2,38,138,.221,.273,.400,.673,0.8
459,Austin Dean,MIA,113,16,25,4,0,4,14,1,0,7,22,.221,.279,.363,.642,-0.0
460,Greg Garcia,STL,181,15,40,6,0,3,15,3,1,20,37,.221,.309,.304,.613,0.3
461,James McCann,DET,427,31,94,16,0,8,39,0,3,26,116,.220,.267,.314,.581,-0.5
462,Steven Souza Jr.,ARI,241,21,53,15,3,5,29,6,1,28,75,.220,.309,.369,.678,-0.3
463,Ronny Rodriguez,DET,191,17,42,7,0,5,20,2,0,10,42,.220,.256,.335,.591,-0.9
464,Neil Walker,NYY,347,48,76,12,1,11,46,0,0,42,87,.219,.309,.354,.664,-0.1
465,Caleb Joseph,BAL,265,28,58,14,2,3,17,2,1,10,68,.219,.254,.321,.575,0.3
466,Kristopher Negron,SEA/ARI,32,6,7,0,0,1,4,2,0,1,9,.219,.242,.313,.555,0.2
 ,Zack Cozart,LAA,224,29,49,13,2,5,18,0,0,19,42,.219,.296,.362,.658,0.1
 ,Grayson Greiner,DET,96,9,21,6,0,0,12,0,1,17,32,.219,.328,.281,.609,0.0
469,Eric Thames,MIL,247,41,54,10,3,16,37,7,0,29,97,.219,.306,.478,.783,0.6
470,Pete Kozma,DET,69,7,15,4,1,1,8,0,1,2,15,.217,.236,.348,.584,0.5
 ,Ryan Flaherty,ATL,161,17,35,6,0,2,13,4,2,18,41,.217,.298,.292,.590,-0.8
 ,Robbie Erlin,SD,23,1,5,0,0,0,0,0,0,1,11,.217,.250,.217,.467,0.2
473,Gregor Blanco,SF,189,19,41,7,3,2,12,6,2,12,58,.217,.262,.317,.580,-0.8
474,Kevin Kiermaier,TB,332,44,72,12,9,7,29,10,5,25,91,.217,.282,.370,.653,2.5
475,Jefry Marte,LAA,194,28,42,7,1,7,22,1,1,13,41,.216,.273,.371,.644,-0.3
476,Jacob Stallings,PIT,37,2,8,0,0,0,5,0,0,3,9,.216,.268,.216,.485,-0.1
477,Delino DeShields,TEX,334,52,72,14,1,2,22,20,4,43,83,.216,.310,.281,.591,1.2
478,Brian Dozier,MIN/LAD,553,81,119,30,2,21,72,12,3,70,129,.215,.305,.391,.696,1.0
479,Chase d'Arnaud,SF,93,9,20,5,0,3,9,2,1,4,37,.215,.253,.366,.618,-0.1
 ,David Freitas,SEA,93,9,20,6,0,1,5,0,0,8,25,.215,.277,.312,.589,-0.2
481,Nicky Delmonico,CHW,284,31,61,11,5,8,25,1,2,27,80,.215,.296,.373,.669,-0.7
482,Blake Trahan,CIN,14,2,3,0,0,0,0,0,0,0,4,.214,.214,.214,.429,-0.1
483,J.P. Crawford,PHI,117,17,25,6,3,3,12,2,0,13,37,.214,.319,.393,.712,-0.1
484,Chase Utley,LAD,164,18,35,10,1,1,14,3,1,17,34,.213,.305,.305,.610,-0.2
485,Todd Frazier,NYM,408,54,87,18,0,18,59,9,4,48,112,.213,.303,.390,.693,1.9
486,Mac Williamson,SF,94,14,20,4,0,4,11,1,1,11,27,.213,.295,.383,.678,0.5
 ,Dawel Lugo,DET,94,10,20,4,1,1,8,0,0,7,20,.213,.267,.309,.576,0.5
488,Garrett Cooper,MIA,33,2,7,1,0,0,2,0,0,4,12,.212,.316,.242,.558,0.0
489,Brian McCann,HOU,189,22,40,3,0,7,23,0,1,19,40,.212,.301,.339,.640,1.0
490,Jake Marisnick,HOU,213,34,45,8,1,10,28,6,2,15,84,.211,.275,.399,.674,1.7
491,Adam Rosales,CLE,19,4,4,1,0,1,2,0,0,1,5,.211,.250,.421,.671,0.0
 ,Chris Gimenez,MIN/CHC,57,7,12,1,0,2,7,1,0,6,16,.211,.288,.333,.621,0.1
 ,Ildemaro Vargas,ARI,19,2,4,0,0,1,4,1,0,1,4,.211,.250,.368,.618,0.1
 ,Austin Gomber,STL,19,1,4,1,0,0,4,0,0,0,3,.211,.211,.263,.474,0.1
 ,Michael Hermosillo,LAA,57,7,12,4,0,1,1,0,1,3,17,.211,.274,.333,.608,-0.1
496,Andrew Romine,SEA,119,15,25,2,1,0,2,1,0,7,39,.210,.260,.244,.504,-0.1
 ,Kevin Plawecki,NYM,238,33,50,13,2,7,30,0,1,28,65,.210,.315,.370,.685,1.3
498,Luis Guillorme,NYM,67,4,14,2,0,0,5,1,0,7,3,.209,.284,.239,.523,-0.3
499,Jesus Sucre,TB,182,9,38,5,0,1,17,1,0,9,29,.209,.247,.253,.500,-0.2
 ,Kevin Newman,PIT,91,7,19,2,0,0,6,0,1,4,23,.209,.247,.231,.478,-0.9
501,Carlos Gomez,TB,360,42,75,15,2,9,32,12,3,25,103,.208,.298,.336,.634,0.6
 ,Luis Urias,SD,48,5,10,1,0,2,5,1,0,3,10,.208,.264,.354,.618,0.2
503,Kole Calhoun,LAA,491,71,102,18,2,19,57,6,2,53,133,.208,.283,.369,.652,0.7
504,Matt Joyce,OAK,207,34,43,9,0,7,15,0,2,35,53,.208,.322,.353,.675,0.1
505,JaCoby Jones,DET,429,54,89,22,6,11,34,13,5,24,142,.207,.266,.364,.630,2.0
506,Christian Vazquez,BOS,251,24,52,10,0,3,16,4,1,13,41,.207,.257,.283,.540,-0.8
507,Kelby Tomlinson,SF,140,9,29,4,2,0,10,0,2,9,35,.207,.265,.264,.529,-0.1
508,Daniel Vogelbach,SEA,87,9,18,2,0,4,13,0,0,13,26,.207,.324,.368,.691,0.2
 ,Tomas Telis,MIA,29,2,6,1,0,0,1,0,0,2,8,.207,.258,.241,.499,-0.1
510,Chris Owings,ARI,281,34,58,15,0,4,22,11,4,24,75,.206,.272,.302,.574,-0.2
511,Cam Gallagher,KC,63,5,13,3,0,1,7,0,0,3,15,.206,.250,.302,.552,0.0
512,Brandon Guyer,CLE,194,25,40,11,0,7,27,1,1,15,48,.206,.300,.371,.671,-0.2
513,Joey Gallo,TEX,500,82,103,24,1,40,92,3,4,74,207,.206,.312,.498,.810,2.1
514,Dixon Machado,DET,214,20,44,13,1,1,21,1,1,14,41,.206,.263,.290,.553,-0.8
515,Bryan Holaday,MIA,151,7,31,5,0,1,16,0,0,10,29,.205,.261,.258,.519,0.1
516,Austin Barnes,LAD,200,32,41,5,0,4,14,4,3,31,67,.205,.329,.290,.619,0.5
517,Ichiro Suzuki,SEA,44,5,9,0,0,0,0,0,0,3,7,.205,.255,.205,.460,-0.5
 ,Peter Bourjos,ATL,44,5,9,2,1,1,4,0,0,2,15,.205,.239,.364,.603,0.2
519,Josh Phegley,OAK,93,13,19,7,0,2,15,0,0,6,27,.204,.255,.344,.599,0.3
520,Francisco Arcia,LAA,103,10,21,5,0,6,23,1,0,1,27,.204,.226,.427,.654,0.0
521,Isaac Galloway,MIA,64,7,13,3,0,3,7,1,1,9,21,.203,.301,.391,.692,0.6
522,Jose Bautista,ATL/NYM/PHI,325,52,66,18,0,13,48,4,3,67,111,.203,.348,.378,.727,1.4
523,Francisco Pena,STL,133,10,27,3,0,2,8,1,0,6,43,.203,.239,.271,.510,-1.0
524,John Ryan Murphy,ARI,208,19,42,9,0,9,24,0,0,11,71,.202,.244,.375,.619,-0.5
525,Eric Young Jr.,LAA,109,12,22,4,2,1,8,5,1,6,28,.202,.248,.303,.551,-0.4
526,Mikie Mahtook,DET,223,24,45,4,2,9,29,4,1,21,66,.202,.276,.359,.635,0.2
527,Jake Bauers,TB,323,48,65,22,2,11,48,6,6,54,104,.201,.316,.384,.700,0.6
528,Mike Zunino,SEA,373,37,75,18,0,20,44,0,0,24,150,.201,.259,.410,.669,1.9
529,Jeff Mathis,ARI,195,15,39,9,1,1,20,0,0,20,66,.200,.272,.272,.544,0.2
 ,Justin Verlander,HOU,5,0,1,0,0,0,0,0,0,0,2,.200,.200,.200,.400,0.0
 ,Chris Stewart,ATL/ARI,15,3,3,0,0,0,3,0,0,1,1,.200,.235,.200,.435,-0.1
 ,Travis d'Arnaud,NYM,15,1,3,0,0,1,3,0,0,1,5,.200,.250,.400,.650,-0.1
 ,Steven Baron,STL,5,0,1,0,0,0,0,0,0,0,2,.200,.200,.200,.400,-0.0
 ,Ryan Schimpf,LAA,5,2,1,0,0,1,2,0,0,2,3,.200,.429,.800,1.229,0.1
 ,Dylan Bundy,BAL,5,1,1,0,0,0,0,0,0,0,2,.200,.200,.200,.400,-0.0
 ,Dalton Pompey,TOR,10,0,2,0,0,0,0,0,0,1,6,.200,.273,.200,.473,-0.1
 ,Jace Peterson,BAL/NYY,210,21,42,13,2,3,28,13,3,31,58,.200,.310,.324,.634,-0.2
 ,Beau Taylor,OAK,5,0,1,1,0,0,0,0,0,1,2,.200,.333,.400,.733,0.0
 ,Sean Manaea,OAK,5,0,1,0,0,0,0,0,0,0,0,.200,.200,.200,.400,0.0
 ,Raimel Tapia,COL,25,6,5,2,1,1,6,0,0,2,7,.200,.259,.480,.739,-0.0
 ,Odrisamer Despaigne,LAA/MIA,5,0,1,0,0,0,0,0,0,0,1,.200,.200,.200,.400,0.0
 ,Terrance Gore,CHC,5,5,1,0,0,0,0,6,0,0,1,.200,.200,.200,.400,0.1
 ,Alec Mills,CHC,5,0,1,0,0,0,0,0,0,0,2,.200,.200,.200,.400,0.0
 ,Jacob Nottingham,MIL,20,2,4,1,0,0,0,0,0,4,8,.200,.333,.250,.583,0.1
 ,Jonathan Davis,TOR,25,3,5,1,0,0,0,3,0,1,6,.200,.259,.240,.499,-0.4
 ,Caleb Ferguson,LAD,5,0,1,0,0,0,0,0,0,0,3,.200,.200,.200,.400,-0.0
547,Luis Valbuena,LAA,266,23,53,9,0,9,33,3,0,19,100,.199,.253,.335,.588,-0.9
 ,Miguel Sano,MIN,266,32,53,14,0,13,41,0,0,31,115,.199,.281,.398,.679,-0.5
549,Lewis Brinson,MIA,382,31,76,10,5,11,42,2,1,17,120,.199,.240,.338,.577,-0.2
550,Greg Bird,NYY,272,23,54,16,1,11,38,0,0,30,78,.199,.286,.386,.672,-0.6
551,Anthony Santander,BAL,101,8,20,5,1,1,6,1,0,6,21,.198,.250,.297,.547,-0.5
552,Andrew Knapp,PHI,187,19,37,6,2,4,15,1,0,24,75,.198,.294,.316,.610,-0.3
553,Patrick Corbin,ARI,61,1,12,1,0,0,5,0,0,2,25,.197,.222,.213,.435,0.2
554,Zack Wheeler,NYM,56,4,11,2,0,0,4,0,0,0,21,.196,.193,.232,.425,0.3
555,Carlos Asuaje,SD,189,15,37,8,1,2,19,1,1,24,46,.196,.286,.280,.566,-0.7
556,Adam Duvall,ATL/CIN,384,48,75,20,0,15,61,2,2,37,117,.195,.274,.365,.639,0.9
557,Tyson Ross,STL/SD,41,2,8,0,0,1,4,1,0,1,16,.195,.209,.268,.478,0.3
558,Ryan Rua,TEX,139,17,27,3,1,6,12,3,1,5,53,.194,.221,.360,.580,-0.7
559,Cheslor Cuthbert,KC,103,11,20,2,0,3,7,0,1,11,23,.194,.282,.301,.583,-0.3
560,Russell Martin,TOR,289,37,56,8,0,10,25,0,3,56,82,.194,.338,.325,.663,1.3
561,JB Shuck,MIA,130,10,25,3,1,0,4,2,2,10,22,.192,.255,.231,.486,-0.8
 ,Brent Suter,MIL,26,4,5,1,0,1,3,0,0,4,6,.192,.323,.346,.669,0.8
563,Magneuris Sierra,MIA,147,10,28,3,0,0,7,3,2,6,39,.190,.222,.211,.433,-1.3
564,Drew Butera,KC/COL,163,13,31,9,0,3,21,0,0,15,39,.190,.264,.301,.564,-0.5
565,Tanner Roark,WSH,58,6,11,2,1,0,8,0,0,1,19,.190,.217,.259,.475,0.5
566,Jarrod Dyson,ARI,206,29,39,4,2,2,12,16,3,27,34,.189,.282,.257,.539,0.1
567,Nick Ciuffo,TB,37,3,7,1,0,1,5,0,0,3,12,.189,.262,.297,.559,-0.2
568,Jose Reyes,NYM,228,30,43,12,3,4,16,5,2,22,39,.189,.260,.320,.580,-0.8
569,Jett Bandy,MIL,64,5,12,2,0,1,1,0,0,3,23,.188,.268,.266,.533,-0.3
 ,Christopher Bostick,PIT/MIA,16,0,3,1,0,0,2,0,0,2,7,.188,.278,.250,.528,-0.1
 ,Jefry Rodriguez,WSH,16,2,3,1,0,0,1,0,0,0,8,.188,.188,.250,.438,0.0
 ,Pablo Lopez,MIA,16,1,3,0,0,0,0,0,0,1,8,.188,.235,.188,.423,0.1
573,Matt Szczur,SD,75,11,14,3,0,1,6,3,0,8,24,.187,.265,.267,.532,-0.3
574,Brett Phillips,KC/MIL,134,15,25,4,3,2,11,1,1,11,61,.187,.252,.306,.558,1.0
575,Max Moroff,PIT,59,7,11,1,0,3,9,0,0,7,24,.186,.284,.356,.640,0.0
576,Gary Sanchez,NYY,323,51,60,17,0,18,53,1,0,46,94,.186,.291,.406,.697,1.2
577,Logan Morrison,MIN,318,41,59,13,0,15,39,1,0,34,80,.186,.276,.368,.644,-0.3
578,Wade Miley,MIL,27,1,5,0,0,0,0,0,0,1,11,.185,.214,.185,.399,0.0
 ,Hanser Alberto,TEX,27,0,5,2,0,0,0,0,1,2,4,.185,.241,.259,.501,-0.3
 ,Chris Shaw,SF,54,2,10,2,0,1,7,1,0,7,23,.185,.274,.278,.552,-0.4
581,Jordan Luplow,PIT,92,16,17,1,3,3,7,2,2,10,18,.185,.272,.359,.631,0.3
582,Dilson Herrera,CIN,87,11,16,5,0,5,11,0,0,8,39,.184,.268,.414,.682,-0.2
583,Drew Robinson,TEX,109,20,20,3,0,3,9,2,1,16,57,.183,.288,.294,.582,-0.5
584,Gordon Beckham,SEA,44,3,8,1,0,0,1,1,0,4,11,.182,.250,.205,.455,0.1
 ,Bruce Maxwell,OAK,55,5,10,4,0,1,6,0,0,2,13,.182,.207,.309,.516,-0.1
 ,Tim Locastro,LAD,11,6,2,1,0,0,0,4,0,2,5,.182,.357,.273,.630,0.2
587,Chance Sisco,BAL,160,13,29,8,0,2,16,1,0,13,66,.181,.288,.269,.557,-0.2
588,Aaron Altherr,PHI,243,28,44,11,1,8,38,3,2,36,91,.181,.295,.333,.628,-0.8
589,Pedro Alvarez,BAL,111,18,20,2,0,8,18,0,0,16,36,.180,.283,.414,.698,-0.1
590,Dexter Fowler,STL,289,40,52,10,0,8,31,5,2,38,75,.180,.278,.298,.576,-1.4
591,Keon Broxton,MIL,78,15,14,2,2,4,11,5,1,11,28,.179,.281,.410,.691,1.6
592,Abraham Almonte,KC,134,15,24,1,2,3,9,2,2,15,36,.179,.260,.284,.544,-0.6
593,Danny Santana,ATL,28,4,5,3,0,0,2,1,1,3,11,.179,.281,.286,.567,0.0
 ,Francisco Mejia,CLE/SD,56,6,10,2,0,3,8,0,0,5,19,.179,.258,.375,.633,-0.1
 ,Ramon Torres,KC,28,4,5,1,0,0,1,0,0,1,3,.179,.207,.214,.421,-0.0
596,Brandon Dixon,CIN,118,14,21,6,0,5,10,0,0,6,43,.178,.218,.356,.574,-0.7
597,Bobby Wilson,MIN,135,12,24,8,0,2,16,0,0,12,37,.178,.242,.281,.523,0.1
 ,Chad Wallach,MIA,45,4,8,1,0,1,5,0,0,4,23,.178,.275,.267,.541,0.1
 ,Taylor Ward,LAA,135,14,24,3,0,6,15,2,0,9,45,.178,.245,.333,.578,-0.0
600,Sandy Leon,BOS,265,30,47,12,0,5,22,1,0,15,75,.177,.232,.279,.511,-0.5
601,Jesmuel Valentin,PHI,79,8,14,5,1,1,6,0,0,8,24,.177,.258,.304,.562,-0.7
602,Raffy Lopez,SD,102,11,18,2,0,3,13,1,0,13,43,.176,.265,.284,.549,0.0
 ,Braxton Lee,MIA,17,0,3,0,0,0,2,0,0,1,8,.176,.222,.176,.399,0.0
604,Julio Teheran,ATL,40,2,7,0,0,1,4,0,0,1,8,.175,.190,.250,.440,0.4
 ,Socrates Brito,ARI,40,3,7,0,0,1,3,0,1,3,9,.175,.227,.250,.477,-0.4
606,J.D. Davis,HOU,103,9,18,2,0,1,5,0,0,10,29,.175,.248,.223,.471,-0.7
607,Daniel Castro,COL,46,2,8,1,0,1,6,0,0,1,7,.174,.191,.261,.452,-0.7
 ,Stevie Wilkerson,BAL,46,2,8,3,0,0,3,1,0,3,16,.174,.224,.239,.464,-0.3
609,Yadiel Rivera,MIA,139,13,24,3,0,1,9,2,1,19,51,.173,.269,.216,.485,-0.6
610,Tony Wolters,COL,182,19,31,4,4,3,27,2,0,26,33,.170,.292,.286,.577,0.3
611,Brandon Drury,NYY/TOR,77,5,13,4,0,1,10,0,0,7,20,.169,.256,.260,.516,-0.5
612,Pedro Severino,WSH,190,14,32,9,0,2,15,1,0,18,47,.168,.254,.247,.501,-1.1
613,Chris Young,LAA,113,17,19,2,1,6,13,2,0,11,37,.168,.252,.363,.615,-0.6
614,Chris Davis,BAL,470,40,79,12,0,16,49,2,0,41,192,.168,.243,.296,.539,-2.8
615,Roberto Perez,CLE,179,16,30,9,1,2,19,1,0,21,70,.168,.256,.263,.519,-0.5
616,James Shields,CHW,6,0,1,0,0,0,0,0,0,0,3,.167,.167,.167,.333,0.0
 ,Sean Rodriguez,PIT,150,21,25,5,1,5,19,1,0,22,60,.167,.277,.313,.591,-0.4
 ,Charlie Morton,HOU,6,0,1,0,0,0,0,0,0,0,5,.167,.167,.167,.333,0.0
 ,Paulo Orlando,KC,90,6,15,3,0,0,5,0,0,3,25,.167,.194,.200,.394,-0.4
 ,Brandon Snyder,TB,6,0,1,1,0,0,0,0,0,0,2,.167,.167,.333,.500,0.1
 ,Efren Navarro,CHC,6,0,1,0,0,0,0,0,0,0,4,.167,.167,.167,.333,-0.1
 ,Kyle Higashioka,NYY,72,6,12,2,0,3,6,0,0,6,16,.167,.241,.319,.560,-0.2
 ,Moises Sierra,WSH,54,4,9,2,0,0,4,1,1,2,20,.167,.217,.204,.420,-0.7
 ,Steve Cishek,CHC,6,1,1,0,0,0,0,0,0,0,2,.167,.167,.167,.333,-0.0
 ,Alex Cobb,BAL,6,0,1,0,0,0,0,0,0,0,2,.167,.167,.167,.333,0.0
 ,Dan Butler,BOS,6,0,1,0,0,0,1,0,0,0,2,.167,.143,.167,.310,-0.1
 ,Deven Marrero,ARI,78,11,13,1,1,0,7,3,0,6,23,.167,.224,.205,.429,-0.5
 ,Gabriel Guerrero,CIN,18,1,3,0,0,1,1,0,0,0,8,.167,.167,.333,.500,-0.3
 ,Jack Reinheimer,NYM,30,4,5,0,0,0,0,1,1,5,9,.167,.286,.167,.452,-0.3
 ,Rob Refsnyder,TB,84,10,14,3,0,2,5,0,2,18,26,.167,.314,.274,.588,-0.2
 ,Boog Powell,OAK,24,3,4,1,1,0,0,1,1,1,6,.167,.200,.292,.492,-0.4
 ,Tyler Wade,NYY,66,8,11,4,0,1,5,1,0,4,23,.167,.214,.273,.487,-0.1
 ,Tomas Nido,NYM,84,10,14,3,0,1,9,0,0,4,27,.167,.200,.238,.438,-0.5
 ,Ranger Suarez,PHI,6,0,1,0,1,0,0,0,0,0,2,.167,.167,.500,.667,0.1
 ,Joe Hudson,LAA,12,0,2,1,0,0,1,0,0,0,0,.167,.167,.250,.417,-0.1
636,Alex Avila,ARI,194,13,32,6,0,7,20,0,0,37,90,.165,.299,.304,.603,-0.1
637,Derek Fisher,HOU,79,13,13,2,2,4,11,2,0,5,42,.165,.209,.392,.602,0.1
638,Jacob deGrom,NYM,67,1,11,1,0,0,5,0,0,4,25,.164,.211,.179,.390,0.5
639,Christian Walker,ARI,49,6,8,2,0,3,6,1,0,3,22,.163,.226,.388,.614,-0.2
640,Walker Buehler,LAD,43,1,7,0,0,0,1,0,0,2,21,.163,.200,.163,.363,0.1
641,Juan Centeno,TEX,37,3,6,1,0,1,3,0,0,1,7,.162,.184,.270,.454,-0.4
642,Dan Straily,MIA,31,2,5,1,0,0,1,0,0,8,19,.161,.350,.194,.544,0.5
 ,Joe Musgrove,PIT,31,2,5,1,0,0,0,0,0,0,12,.161,.161,.194,.355,0.1
644,Jhoulys Chacin,MIL,56,2,9,1,0,0,1,0,0,3,17,.161,.203,.179,.382,0.2
645,Tyler Chatwood,CHC,25,3,4,0,0,0,2,0,0,1,6,.160,.192,.160,.352,0.0
646,Madison Bumgarner,SF,44,2,7,2,0,0,4,0,0,1,20,.159,.174,.205,.378,0.1
647,Dylan Cozens,PHI,38,2,6,2,0,1,2,1,0,6,24,.158,.273,.289,.562,-0.3
 ,Luke Weaver,STL,38,4,6,0,0,0,2,0,0,1,14,.158,.179,.158,.337,-0.1
649,Pat Valaika,COL,122,8,19,5,0,2,5,0,0,9,30,.156,.214,.246,.460,-1.3
650,Byron Buxton,MIN,90,8,14,4,0,0,4,5,0,3,28,.156,.183,.200,.383,-0.3
651,Tony Cruz,CIN,26,2,4,1,0,1,2,0,0,0,11,.154,.154,.308,.462,-0.2
 ,Matt Reynolds,WSH,13,1,2,0,0,0,1,0,0,1,4,.154,.214,.154,.368,-0.1
653,Jack Flaherty,STL,46,2,7,0,0,0,0,0,0,2,20,.152,.188,.152,.340,0.0
654,Wei-Yin Chen,MIA,40,2,6,1,0,0,2,0,0,0,18,.150,.150,.175,.325,0.0
 ,Steven Brault,PIT,20,0,3,1,0,0,0,0,0,1,5,.150,.190,.200,.390,0.1
656,Jason Vargas,NYM,27,2,4,0,0,0,0,0,0,1,8,.148,.179,.148,.327,0.0
657,Taylor Motter,MIN/SEA,34,2,5,0,0,1,2,1,0,4,8,.147,.237,.235,.472,-0.2
658,Jose Lobaton,NYM,49,3,7,2,1,0,4,0,0,7,15,.143,.246,.224,.470,-0.5
 ,Jason Castro,MIN,63,4,9,3,0,1,3,0,0,9,26,.143,.257,.238,.495,-0.0
 ,Carlos Pérez,TEX/ATL,70,1,10,2,0,1,3,1,0,2,21,.143,.178,.214,.392,-0.8
 ,Shane Robinson,NYY,49,8,7,1,0,1,2,1,0,4,6,.143,.208,.224,.432,-0.1
 ,Miles Mikolas,STL,63,4,9,1,0,2,6,0,0,2,33,.143,.167,.254,.421,0.3
 ,Phillip Evans,NYM,21,1,3,0,0,0,1,1,0,2,8,.143,.217,.143,.360,-0.3
 ,Anthony DeSclafani,CIN,42,3,6,0,0,1,4,0,0,0,25,.143,.143,.214,.357,0.1
 ,Engelb Vielma,BAL,7,1,1,0,0,0,0,0,0,1,4,.143,.250,.143,.393,-0.0
 ,Chad Kuhl,PIT,21,2,3,0,0,0,1,0,0,0,5,.143,.143,.143,.286,0.0
 ,Dillon Peters,MIA,7,1,1,0,0,0,0,0,0,1,2,.143,.250,.143,.393,0.1
668,Kyle Tucker,HOU,64,10,9,2,1,0,4,1,1,6,13,.141,.236,.203,.439,-0.9
669,Chris Stratton,SF,43,0,6,1,0,0,5,0,0,0,26,.140,.136,.163,.299,-0.0
670,Cliff Pennington,CIN,29,1,4,0,0,0,0,0,0,5,13,.138,.265,.138,.403,-0.4
671,Caleb Smith,MIA,22,0,3,0,0,0,1,0,0,0,13,.136,.136,.136,.273,0.1
672,Kevin Kramer,PIT,37,5,5,0,0,0,4,0,0,2,20,.135,.175,.135,.310,-0.5
673,Eric Sogard,MIL,97,7,13,3,0,0,2,3,0,12,23,.134,.241,.165,.406,-0.9
674,Kaleb Cowart,LAA,112,7,15,7,1,1,10,1,0,10,44,.134,.210,.241,.451,-1.0
675,Colby Rasmus,BAL,45,5,6,1,0,1,1,0,0,3,19,.133,.204,.222,.426,-0.3
 ,Jake Arrieta,PHI,45,3,6,0,0,1,3,0,0,3,27,.133,.188,.200,.388,0.1
677,Brandon Phillips,BOS,23,4,3,0,0,1,2,0,0,4,7,.130,.259,.261,.520,-0.1
678,Jake Smolinski,OAK,39,2,5,1,1,0,2,1,0,1,10,.128,.171,.205,.376,-0.3
679,Noah Syndergaard,NYM,47,0,6,2,0,0,3,0,0,1,32,.128,.143,.170,.313,0.0
680,Phil Gosselin,CIN,24,5,3,0,0,1,2,0,0,4,8,.125,.250,.250,.500,-0.2
681,Andrew Heaney,LAA,8,1,1,0,0,0,0,0,0,0,6,.125,.125,.125,.250,-0.0
 ,Max Fried,ATL,8,1,1,0,0,0,0,0,0,0,3,.125,.125,.125,.250,-0.0
 ,Eric Haase,CLE,16,0,2,0,0,0,1,0,0,0,6,.125,.176,.125,.301,-0.3
 ,Javy Guerra,SD,16,2,2,0,0,0,1,0,0,3,9,.125,.263,.125,.388,0.0
 ,Mike Soroka,ATL,8,0,1,0,0,0,0,0,0,0,1,.125,.125,.125,.250,-0.0
686,Stephen Strasburg,WSH,41,0,5,0,0,0,1,0,0,2,12,.122,.163,.122,.285,0.0
687,Cole Hamels,TEX/CHC,25,1,3,0,0,1,1,0,0,1,12,.120,.154,.240,.394,0.1
688,Jon Lester,CHC,59,4,7,0,0,1,9,0,0,0,22,.119,.119,.169,.288,-0.1
689,Chris Archer,PIT/TB,17,0,2,1,0,0,0,0,0,0,6,.118,.118,.176,.294,-0.1
 ,Adolis Garcia,STL,17,3,2,1,0,0,1,0,0,0,7,.118,.118,.176,.294,-0.3
691,Trayce Thompson,CHW/OAK,128,15,15,3,0,3,9,3,1,7,50,.117,.162,.211,.373,-1.0
692,Trevor Williams,PIT,43,3,5,0,0,0,0,0,0,2,13,.116,.156,.116,.272,-0.1
693,Homer Bailey,CIN,26,0,3,0,0,0,0,0,0,1,13,.115,.148,.115,.264,-0.1
 ,Chase Headley,SD,52,2,6,1,0,0,4,0,0,6,20,.115,.233,.135,.368,-0.4
 ,Andrew Susac,BAL,26,1,3,1,0,0,0,0,0,0,12,.115,.115,.154,.269,-0.3
696,Carson Kelly,STL,35,1,4,0,0,0,3,0,0,3,7,.114,.205,.114,.319,-0.5
 ,Junior Guerra,MIL,35,2,4,3,0,0,0,0,0,0,13,.114,.114,.200,.314,-0.0
698,Nathan Eovaldi,BOS/TB,9,2,1,0,0,0,1,0,0,1,7,.111,.200,.111,.311,0.0
 ,Bryan Mitchell,SD,18,0,2,0,0,0,0,0,0,0,10,.111,.111,.111,.222,-0.1
 ,Luis Sardinas,BAL,18,2,2,0,0,1,1,0,0,2,5,.111,.200,.278,.478,-0.3
 ,Alfredo Gonzalez,CHW,9,0,1,0,0,0,1,0,0,0,4,.111,.111,.111,.222,-0.1
 ,Daniel Ponce de Leon,STL,9,0,1,0,1,0,1,0,0,0,4,.111,.111,.333,.444,0.0
 ,Mike Marjama,SEA,27,1,3,3,0,0,0,0,1,2,6,.111,.172,.222,.395,-0.2
704,Steven Matz,NYM,46,2,5,1,0,2,4,0,0,3,13,.109,.163,.261,.424,0.2
705,Ryan Cordell,CHW,37,3,4,1,0,1,4,0,0,0,15,.108,.125,.216,.341,-0.6
706,Anthony Alford,TOR,19,3,2,0,0,0,1,1,0,2,9,.105,.190,.105,.296,-0.2
707,Brandon McCarthy,ATL,29,1,3,2,0,0,2,0,0,0,19,.103,.103,.172,.276,0.0
 ,Tyler Mahle,CIN,29,0,3,1,0,0,0,0,0,2,10,.103,.161,.138,.299,0.0
709,Jabari Blash,LAA,39,4,4,1,0,0,1,2,1,5,24,.103,.200,.128,.328,-0.8
710,Luis Castillo,CIN,59,4,6,1,0,0,2,0,0,2,23,.102,.131,.119,.250,-0.0
711,Jeff Samardzija,SF,10,0,1,0,0,0,0,0,0,0,6,.100,.100,.100,.200,-0.0
 ,Tyler Anderson,COL,50,7,5,0,0,0,1,0,0,3,32,.100,.167,.100,.267,-0.1
 ,Touki Toussaint,ATL,10,1,1,0,0,0,0,0,0,0,5,.100,.100,.100,.200,-0.0
 ,Nick Pivetta,PHI,40,3,4,1,0,0,1,0,0,2,20,.100,.143,.125,.268,-0.0
715,Clayton Richard,SD,42,3,4,1,0,1,3,0,0,2,24,.095,.156,.190,.346,0.1
 ,Mike Gerber,DET,42,2,4,1,0,0,2,0,0,4,21,.095,.170,.119,.289,-0.7
 ,Nate Orf,MIL,21,4,2,0,0,1,1,1,0,3,8,.095,.240,.238,.478,-0.3
718,Mike Tauchman,COL,32,5,3,1,0,0,0,1,0,4,15,.094,.194,.125,.319,-0.5
 ,Kenta Maeda,LAD,32,0,3,0,0,0,0,0,0,0,9,.094,.094,.094,.188,-0.3
 ,Dereck Rodriguez,SF,32,0,3,1,0,0,1,0,0,0,16,.094,.094,.125,.219,-0.2
721,Rich Hill,LAD,43,2,4,0,0,0,2,0,0,0,15,.093,.093,.093,.186,-0.2
722,Kyle Freeland,COL,65,5,6,2,0,0,2,0,0,2,40,.092,.119,.123,.242,-0.2
723,Adam Wainwright,STL,11,0,1,0,0,0,1,0,0,0,6,.091,.091,.091,.182,-0.1
 ,Dustin Pedroia,BOS,11,1,1,0,0,0,0,0,0,2,1,.091,.231,.091,.322,-0.1
 ,Mike Montgomery,CHC,33,1,3,0,0,0,1,0,0,1,20,.091,.118,.091,.209,-0.2
 ,Nolan Fontana,LAA,11,1,1,0,0,1,1,0,0,1,6,.091,.167,.364,.530,0.1
 ,Ty Kelly,NYM,11,1,1,0,0,0,0,0,0,1,2,.091,.167,.091,.258,-0.2
 ,Ross Stripling,LAD,33,0,3,0,0,0,2,1,0,0,13,.091,.091,.091,.182,0.0
 ,Zach Eflin,PHI,44,3,4,0,0,1,1,0,0,0,31,.091,.091,.159,.250,-0.2
 ,Seth Lugo,NYM,11,1,1,0,0,0,0,0,0,1,8,.091,.167,.091,.258,-0.0
731,Chase Anderson,MIL,45,1,4,0,0,0,2,0,0,0,23,.089,.089,.089,.178,-0.3
732,Chad Bettis,COL,34,2,3,0,0,0,2,0,0,2,18,.088,.139,.088,.227,-0.2
733,Nick Kingham,PIT,23,1,2,1,0,0,4,0,0,1,10,.087,.160,.130,.290,0.0
734,Yu Darvish,CHC,12,0,1,1,0,0,0,0,0,0,7,.083,.083,.167,.250,-0.1
 ,Rio Ruiz,ATL,12,1,1,0,0,0,0,0,0,2,5,.083,.267,.083,.350,-0.0
 ,Antonio Senzatela,COL,24,1,2,1,0,0,3,0,0,0,13,.083,.083,.125,.208,-0.1
737,Michael Wacha,STL,25,3,2,0,0,0,1,0,0,1,9,.080,.115,.080,.195,0.0
738,Gio Gonzalez,MIL/WSH,51,3,4,1,0,0,1,0,0,1,31,.078,.096,.098,.194,-0.3
739,Jose Quintana,CHC,52,0,4,0,0,0,0,0,0,0,26,.077,.077,.077,.154,-0.5
 ,Robbie Ray,ARI,39,2,3,1,0,0,2,0,0,0,24,.077,.075,.103,.178,-0.4
 ,Jon Gray,COL,52,2,4,2,0,0,2,0,0,3,30,.077,.127,.115,.243,-0.1
742,Matt Harvey,CIN/NYM,53,1,4,0,0,0,1,0,0,2,19,.075,.109,.075,.185,-0.3
743,Jameson Taillon,PIT,57,0,4,1,0,0,3,0,0,1,22,.070,.086,.088,.174,-0.3
744,Kyle Hendricks,CHC,60,1,4,1,0,0,1,0,0,2,31,.067,.097,.083,.180,-0.4
 ,Zach Davies,MIL,15,0,1,0,0,0,0,0,0,0,8,.067,.067,.067,.133,-0.2
 ,Eric Lauer,SD,30,1,2,1,0,0,1,0,0,1,15,.067,.094,.100,.194,-0.1
747,Clay Buchholz,ARI,31,0,2,1,0,0,1,0,0,1,17,.065,.094,.097,.191,-0.2
 ,John Gant,STL,31,2,2,0,0,2,3,0,0,0,14,.065,.065,.258,.323,-0.1
 ,Trevor Richards,MIA,31,1,2,0,0,0,2,0,0,1,17,.065,.094,.065,.158,0.1
750,Andrew Suarez,SF,47,1,3,0,0,0,0,0,0,2,27,.064,.102,.064,.166,-0.2
751,Jeremy Hellickson,WSH,32,0,2,1,0,0,1,0,0,0,13,.063,.063,.094,.156,-0.2
 ,Erick Fedde,WSH,16,1,1,0,0,0,0,0,0,1,5,.063,.118,.063,.180,-0.1
753,Matt Koch,ARI,17,1,1,0,0,0,0,0,0,3,11,.059,.200,.059,.259,0.1
 ,Mitch Walding,PHI,17,1,1,0,0,1,2,0,0,2,12,.059,.158,.235,.393,-0.2
 ,Joey Lucchesi,SD,34,2,2,0,0,0,1,0,0,4,21,.059,.154,.059,.213,-0.1
756,Derek Holland,SF,53,2,3,1,0,0,0,0,0,1,33,.057,.074,.075,.150,-0.4
 ,Zack Godley,ARI,53,1,3,0,0,0,1,0,0,4,30,.057,.123,.057,.179,-0.3
758,Gift Ngoepe,TOR,18,2,1,0,0,0,0,0,0,1,12,.056,.105,.056,.161,-0.3
 ,Sal Romano,CIN,36,1,2,1,0,0,2,0,0,0,24,.056,.056,.083,.139,-0.3
760,Mike Foltynewicz,ATL,58,3,3,1,0,0,4,0,0,0,41,.052,.052,.069,.121,-0.5
761,Aaron Nola,PHI,62,0,3,1,0,0,4,0,0,1,36,.048,.063,.065,.128,-0.5
762,Kevin Gausman,BAL/ATL,21,0,1,0,0,0,0,0,0,4,11,.048,.200,.048,.248,0.0
763,Alex Wood,LAD,44,1,2,0,0,0,0,1,0,0,25,.045,.045,.045,.091,-0.3
764,Sean Newcomb,ATL,45,3,2,1,0,0,1,0,0,1,32,.044,.065,.067,.132,-0.4
765,Jose Urena,MIA,48,1,2,1,0,0,1,0,0,1,35,.042,.061,.063,.124,-0.2
766,Freddy Peralta,MIL,26,0,1,0,0,0,1,0,0,0,13,.038,.038,.038,.077,-0.3
767,Ty Blach,SF,29,0,1,0,0,0,0,0,0,2,15,.034,.097,.034,.131,-0.2
768,Anibal Sanchez,ATL,41,0,1,0,0,0,0,0,0,1,25,.024,.048,.024,.072,-0.4
769,Ivan Nova,PIT,53,1,1,0,0,0,0,0,0,0,30,.019,.019,.019,.038,-0.6
770,Bartolo Colon,TEX,4,0,0,0,0,0,0,0,0,0,3,.000,.000,.000,.000,-0.1
 ,Edwin Jackson,OAK,2,0,0,0,0,0,0,0,0,0,0,.000,.000,.000,.000,-0.0
 ,Jorge De La Rosa,CHC/ARI,1,1,0,0,0,0,0,0,0,1,0,.000,.500,.000,.500,0.0
 ,David Wright,NYM,2,0,0,0,0,0,0,0,0,1,0,.000,.333,.000,.333,-0.0
 ,Felix Hernandez,SEA,4,0,0,0,0,0,0,0,0,0,0,.000,.000,.000,.000,-0.1
 ,Francisco Liriano,DET,1,0,0,0,0,0,0,0,0,0,0,.000,.000,.000,.000,-0.0
 ,Zach Duke,MIN/SEA,1,0,0,0,0,0,0,0,0,0,1,.000,.000,.000,.000,-0.0
 ,Jason Hammel,KC,3,0,0,0,0,0,0,0,0,0,2,.000,.000,.000,.000,-0.0
 ,Andrew Miller,CLE,1,0,0,0,0,0,0,0,0,0,1,.000,.000,.000,.000,-0.0
 ,Miguel Montero,WSH,11,0,0,0,0,0,0,0,0,2,3,.000,.154,.000,.154,-0.3
 ,Drew Anderson,PHI,3,0,0,0,0,0,0,0,0,0,1,.000,.000,.000,.000,-0.1
 ,Phil Hughes,MIN/SD,1,0,0,0,0,0,0,0,0,0,0,.000,.000,.000,.000,0.0
 ,Yovani Gallardo,TEX/CIN,1,0,0,0,0,0,0,0,0,0,0,.000,.000,.000,.000,-0.0
 ,Jarrod Saltalamacchia,DET,7,0,0,0,0,0,0,0,0,1,4,.000,.125,.000,.125,-0.3
 ,Brandon Morrow,CHC,1,0,0,0,0,0,0,0,0,0,1,.000,.000,.000,.000,-0.0
 ,Johnny Cueto,SF,12,0,0,0,0,0,0,0,0,0,3,.000,.000,.000,.000,-0.2
 ,Brian Duensing,CHC,1,1,0,0,0,0,0,0,0,1,1,.000,.500,.000,.500,0.0
 ,Sergio Romo,TB,1,0,0,0,0,0,0,0,0,0,1,.000,.000,.000,.000,-0.0
 ,Jaime Garcia,TOR/CHC,4,0,0,0,0,0,0,0,0,0,4,.000,.000,.000,.000,-0.1
 ,Tommy Hunter,PHI,1,0,0,0,0,0,0,0,0,0,0,.000,.000,.000,.000,-0.0
 ,Marco Estrada,TOR,1,0,0,0,0,0,0,0,0,0,1,.000,.000,.000,.000,-0.0
 ,Jesse Chavez,TEX/CHC,1,0,0,0,0,0,0,0,0,0,1,.000,.000,.000,.000,-0.0
 ,Pedro Strop,CHC,2,0,0,0,0,0,0,0,0,0,0,.000,.000,.000,.000,-0.1
 ,Neil Ramirez,CLE,1,0,0,0,0,0,0,0,0,0,1,.000,.000,.000,.000,-0.0
 ,David Hernandez,CIN,1,0,0,0,0,0,0,0,0,0,0,.000,.000,.000,.000,-0.0
 ,Andrew Cashner,BAL,3,0,0,0,0,0,0,0,0,0,1,.000,.000,.000,.000,-0.0
 ,Jordan Zimmermann,DET,2,0,0,0,0,0,0,0,0,0,2,.000,.000,.000,.000,-0.0
 ,Shawn Kelley,OAK/WSH,1,0,0,0,0,0,0,0,0,0,1,.000,.000,.000,.000,-0.0
 ,Kris Medlen,ARI,1,0,0,0,0,0,0,0,0,0,1,.000,.000,.000,.000,-0.0
 ,Daniel Hudson,LAD,2,0,0,0,0,0,0,0,0,0,1,.000,.000,.000,.000,-0.0
 ,Mike Leake,SEA,4,0,0,0,0,0,0,0,0,0,4,.000,.000,.000,.000,-0.0
801,Casey Kelly,SF,4,0,0,0,0,0,0,0,0,0,3,.000,.000,.000,.000,-0.1
 ,Fernando Salas,ARI,1,0,0,0,0,0,0,0,0,0,0,.000,.000,.000,.000,-0.0
 ,Nick Franklin,MIL,2,0,0,0,0,0,0,0,0,0,0,.000,.000,.000,.000,-0.0
 ,Pedro Baez,LAD,4,0,0,0,0,0,0,0,0,0,2,.000,.000,.000,.000,-0.1
 ,Shelby Miller,ARI,3,0,0,0,0,0,1,0,0,1,1,.000,.200,.000,.200,-0.1
 ,Hector Santiago,CHW,4,0,0,0,0,0,0,0,0,0,2,.000,.000,.000,.000,-0.1
 ,Lance Lynn,MIN/NYY,4,0,0,0,0,0,0,0,0,0,2,.000,.000,.000,.000,-0.1
 ,Chris Sale,BOS,2,0,0,0,0,0,0,0,0,0,2,.000,.000,.000,.000,-0.0
 ,Brandon Kintzler,CHC/WSH,1,0,0,0,0,0,0,0,0,0,1,.000,.000,.000,.000,-0.0
 ,Corey Kluber,CLE,6,0,0,0,0,0,0,0,0,0,4,.000,.000,.000,.000,-0.1
 ,Justin Wilson,CHC,1,0,0,0,0,0,0,0,0,0,1,.000,.000,.000,.000,-0.0
 ,Jordan Lyles,MIL/SD,15,3,0,0,0,0,1,0,0,3,8,.000,.167,.000,.167,-0.1
 ,Wilmer Font,OAK/LAD/TB,0,0,0,0,0,0,0,0,0,0,0,.000,.000,.000,.000,0.0
 ,Brad Hand,CLE/SD,1,0,0,0,0,0,0,0,0,0,0,.000,.000,.000,.000,-0.0
 ,Martin Perez,TEX,3,0,0,0,0,0,0,0,0,0,3,.000,.000,.000,.000,-0.0
 ,Danny Duffy,KC,2,0,0,0,0,0,0,0,0,0,2,.000,.000,.000,.000,-0.0
 ,Dellin Betances,NYY,1,0,0,0,0,0,0,0,0,0,1,.000,.000,.000,.000,-0.0
 ,Matt den Dekker,NYM,18,0,0,0,0,0,1,0,0,2,9,.000,.095,.000,.095,-0.7
 ,Mike Freeman,CHC,0,0,0,0,0,0,0,0,0,0,0,.000,.000,.000,.000,-0.1
 ,Aaron Sanchez,TOR,1,0,0,0,0,0,0,0,0,0,0,.000,.000,.000,.000,-0.0
 ,Justin Miller,WSH,1,0,0,0,0,0,0,0,0,0,0,.000,.000,.000,.000,-0.0
 ,Luis Avilan,CHW/PHI,1,0,0,0,0,0,0,0,0,0,1,.000,.000,.000,.000,-0.0
 ,Brad Peacock,HOU,1,0,0,0,0,0,0,0,0,0,1,.000,.000,.000,.000,-0.0
 ,Jake Odorizzi,MIN,6,0,0,0,0,0,0,0,0,0,2,.000,.000,.000,.000,-0.1
 ,Daniel Corcino,LAD,1,0,0,0,0,0,0,0,0,0,1,.000,.000,.000,.000,-0.0
 ,Tommy Milone,WSH,7,0,0,0,0,0,0,0,0,1,3,.000,.125,.000,.125,-0.1
 ,Austin Brice,CIN,1,0,0,0,0,0,0,0,0,0,1,.000,.000,.000,.000,-0.0
 ,Luke Jackson,ATL,1,1,0,0,0,0,0,0,0,1,0,.000,.500,.000,.500,0.0
 ,Buddy Baumann,NYM/SD,1,0,0,0,0,0,0,0,0,0,0,.000,.000,.000,.000,-0.0
 ,Dallas Keuchel,HOU,2,0,0,0,0,0,0,0,0,0,2,.000,.000,.000,.000,-0.0
 ,Heath Hembree,BOS,1,0,0,0,0,0,0,0,0,0,1,.000,.000,.000,.000,-0.0
 ,Jake Petricka,TOR,1,0,0,0,0,0,0,0,0,0,1,.000,.000,.000,.000,-0.0
 ,Taijuan Walker,ARI,4,0,0,0,0,0,0,0,0,0,1,.000,.000,.000,.000,-0.1
 ,Matt Magill,MIN,1,0,0,0,0,0,0,0,0,0,1,.000,.000,.000,.000,-0.0
 ,Erasmo Ramirez,SEA,3,0,0,0,0,0,0,0,0,0,2,.000,.000,.000,.000,-0.0
 ,Trevor Bauer,CLE,3,1,0,0,0,0,0,0,0,0,1,.000,.000,.000,.000,-0.0
 ,Sam Freeman,ATL,1,0,0,0,0,0,0,0,0,0,1,.000,.000,.000,.000,-0.0
 ,Gerrit Cole,HOU,9,0,0,0,0,0,0,0,0,0,8,.000,.000,.000,.000,-0.1
 ,Sonny Gray,NYY,2,1,0,0,0,0,0,0,0,0,0,.000,.000,.000,.000,0.0
 ,Robert Stephenson,CIN,2,0,0,0,0,0,0,0,0,1,1,.000,.333,.000,.333,0.0
841,Mike Wright,BAL,1,0,0,0,0,0,0,0,0,0,0,.000,.000,.000,.000,-0.0
 ,Rocky Gale,LAD,2,0,0,0,0,0,0,0,0,0,1,.000,.000,.000,.000,-0.1
 ,Hector Neris,PHI,1,0,0,0,0,0,0,0,0,0,1,.000,.000,.000,.000,-0.0
 ,Matt Andriese,ARI/TB,1,0,0,0,0,0,0,0,0,0,1,.000,.000,.000,.000,-0.0
 ,Felipe Vazquez,PIT,1,0,0,0,0,0,0,0,0,0,1,.000,.000,.000,.000,-0.0
 ,Tyler Cloyd,MIA,3,0,0,0,0,0,0,0,0,0,2,.000,.000,.000,.000,-0.0
 ,Adam Liberatore,LAD,1,1,0,0,0,0,0,0,0,0,0,.000,.000,.000,.000,0.0
 ,Kirby Yates,SD,2,0,0,0,0,0,0,0,0,0,0,.000,.000,.000,.000,-0.0
 ,Hansel Robles,LAA/NYM,1,0,0,0,0,0,0,0,0,0,1,.000,.000,.000,.000,-0.0
 ,Brian Flynn,KC,1,0,0,0,0,0,0,0,0,0,0,.000,.000,.000,.000,-0.0
 ,Eduardo Rodriguez,BOS,2,0,0,0,0,0,0,0,0,0,1,.000,.000,.000,.000,-0.0
 ,T.J. McFarland,ARI,7,0,0,0,0,0,0,0,0,0,6,.000,.000,.000,.000,-0.1
 ,Joe Ross,WSH,5,0,0,0,0,0,0,0,0,0,3,.000,.000,.000,.000,-0.1
 ,Lucas Giolito,CHW,6,0,0,0,0,0,0,0,0,0,4,.000,.000,.000,.000,-0.1
 ,Sherman Johnson,LAA,10,0,0,0,0,0,0,0,0,0,4,.000,.091,.000,.091,-0.2
 ,Jackson Stephens,CIN,2,0,0,0,0,0,0,0,0,1,1,.000,.333,.000,.333,0.0
 ,Lance McCullers Jr.,HOU,2,0,0,0,0,0,0,0,0,0,1,.000,.000,.000,.000,-0.0
 ,Mike Clevinger,CLE,4,0,0,0,0,0,0,0,0,0,4,.000,.000,.000,.000,-0.1
 ,Paul Blackburn,OAK,2,0,0,0,0,0,0,0,0,0,0,.000,.000,.000,.000,-0.1
 ,Pierce Johnson,SF,1,0,0,0,0,0,0,0,0,0,0,.000,.000,.000,.000,-0.0
 ,Matt Wisler,ATL/CIN,8,0,0,0,0,0,0,0,0,0,4,.000,.000,.000,.000,-0.1
 ,Lucas Sims,ATL/CIN,2,0,0,0,0,0,0,0,0,0,1,.000,.000,.000,.000,0.0
 ,Jose Berrios,MIN,4,0,0,0,0,0,0,0,0,0,2,.000,.000,.000,.000,-0.1
 ,Chris Beck,CHW/NYM,2,0,0,0,0,0,0,0,0,0,2,.000,.000,.000,.000,-0.0
 ,Clay Holmes,PIT,6,1,0,0,0,0,0,0,0,0,2,.000,.000,.000,.000,-0.0
 ,Duane Underwood Jr.,CHC,1,0,0,0,0,0,0,0,0,0,0,.000,.000,.000,.000,-0.0
 ,Eddie Butler,TEX/CHC,2,0,0,0,0,0,0,0,0,1,0,.000,.333,.000,.333,0.0
 ,Jake Thompson,PHI,2,0,0,0,0,0,0,0,0,0,2,.000,.000,.000,.000,-0.0
 ,Darnell Sweeney,TOR,2,0,0,0,0,0,0,0,0,2,0,.000,.500,.000,.500,-0.1
 ,Chasen Shreve,NYY/STL,1,0,0,0,0,0,0,0,0,0,1,.000,.000,.000,.000,-0.0
 ,Jerad Eickhoff,PHI,1,0,0,0,0,0,0,0,0,0,1,.000,.000,.000,.000,-0.0
 ,Casey Sadler,PIT,2,0,0,0,0,0,0,0,0,0,1,.000,.000,.000,.000,-0.0
 ,Kevin Shackelford,CIN,1,0,0,0,0,0,0,0,0,0,1,.000,.000,.000,.000,-0.0
 ,Drew VerHagen,DET,1,0,0,0,0,0,0,0,0,0,0,.000,.000,.000,.000,-0.0
 ,Scott Alexander,LAD,5,0,0,0,0,0,0,0,0,0,5,.000,.000,.000,.000,-0.1
 ,Masahiro Tanaka,NYY,6,1,0,0,0,0,0,0,0,0,1,.000,.000,.000,.000,0.0
 ,Marco Gonzales,SEA,2,0,0,0,0,0,0,0,0,0,2,.000,.000,.000,.000,-0.0
 ,Tyler Glasnow,PIT/TB,3,0,0,0,0,0,0,0,0,0,3,.000,.000,.000,.000,-0.0
 ,Ben Lively,KC/PHI,7,0,0,0,0,0,0,0,0,0,2,.000,.000,.000,.000,-0.0
 ,Adalberto Mejia,MIN,1,0,0,0,0,0,0,0,0,0,1,.000,.000,.000,.000,-0.0
881,Daniel Norris,DET,2,0,0,0,0,0,0,0,0,0,1,.000,.000,.000,.000,-0.0
 ,Alex Reyes,STL,1,0,0,0,0,0,0,0,0,0,1,.000,.000,.000,.000,-0.0
 ,Braden Shipley,ARI,2,1,0,0,0,0,0,0,0,0,0,.000,.000,.000,.000,0.1
 ,Julio Urias,LAD,1,0,0,0,0,0,0,0,0,0,1,.000,.000,.000,.000,-0.0
 ,Michael Feliz,PIT,2,0,0,0,0,0,0,0,0,0,1,.000,.000,.000,.000,-0.0
 ,Luiz Gohara,ATL,2,0,0,0,0,0,0,0,0,0,2,.000,.000,.000,.000,-0.0
 ,Frankie Montas,OAK,5,0,0,0,0,0,0,0,0,0,5,.000,.000,.000,.000,-0.1
 ,Luis Severino,NYY,5,0,0,0,0,0,0,0,0,0,4,.000,.000,.000,.000,-0.1
 ,Wes Parsons,ATL,1,0,0,0,0,0,0,0,0,0,1,.000,.000,.000,.000,-0.0
 ,Dustin Peterson,ATL,2,0,0,0,0,0,0,0,0,0,1,.000,.000,.000,.000,-0.1
 ,Walker Lockett,SD,4,0,0,0,0,0,0,0,0,1,4,.000,.200,.000,.200,0.0
 ,Dylan Covey,CHW,1,0,0,0,0,0,0,0,0,0,1,.000,.000,.000,.000,-0.0
 ,Tony Renda,BOS,0,1,0,0,0,0,0,0,0,0,0,.000,.000,.000,.000,0.0
 ,Dan Winkler,ATL,1,0,0,0,0,0,0,0,0,0,0,.000,.000,.000,.000,0.0
 ,Rafael Bautista,WSH,6,1,0,0,0,0,0,0,0,0,1,.000,.000,.000,.000,-0.2
 ,Ryan Weber,TB,1,0,0,0,0,0,0,0,0,0,1,.000,.000,.000,.000,-0.0
 ,Raisel Iglesias,CIN,3,0,0,0,0,0,0,0,0,0,1,.000,.000,.000,.000,-0.0
 ,Drew Rucinski,MIA,4,0,0,0,0,0,0,0,0,0,3,.000,.000,.000,.000,-0.0
 ,Brandon Finnegan,CIN,7,0,0,0,0,0,0,0,0,0,1,.000,.000,.000,.000,-0.1
 ,Amir Garrett,CIN,2,0,0,0,0,0,0,0,0,0,1,.000,.000,.000,.000,-0.0
 ,Shane Carle,ATL,4,0,0,0,0,0,0,0,0,0,4,.000,.000,.000,.000,-0.1
 ,Domingo German,NYY,1,0,0,0,0,0,0,0,0,1,1,.000,.500,.000,.500,0.0
 ,AJ Reed,HOU,3,0,0,0,0,0,0,0,0,0,1,.000,.000,.000,.000,-0.1
 ,Matt Bowman,STL,1,0,0,0,0,0,0,0,0,0,0,.000,.000,.000,.000,0.0
 ,Justin Hancock,CHC,2,0,0,0,0,0,0,0,0,0,2,.000,.000,.000,.000,-0.0
 ,Keury Mella,CIN,2,0,0,0,0,0,0,0,0,0,2,.000,.000,.000,.000,-0.0
 ,Mike Mayers,STL,1,0,0,0,0,0,0,0,0,1,1,.000,.500,.000,.500,0.0
 ,Spencer Turnbull,DET,2,0,0,0,0,0,0,0,0,0,1,.000,.000,.000,.000,-0.0
 ,Ryan Yarbrough,TB,3,0,0,0,0,0,0,0,0,0,2,.000,.000,.000,.000,-0.0
 ,Blake Snell,TB,1,0,0,0,0,0,0,0,0,1,1,.000,.667,.000,.667,0.1
 ,Sean Reid-Foley,TOR,3,0,0,0,0,0,0,0,0,0,3,.000,.000,.000,.000,-0.0
 ,Tyler Webb,STL/SD,1,0,0,0,0,0,0,0,0,0,1,.000,.000,.000,.000,-0.0
 ,Aristides Aquino,CIN,1,0,0,0,0,0,0,0,0,0,1,.000,.000,.000,.000,-0.1
 ,Tyler Beede,SF,2,0,0,0,0,0,0,0,0,0,2,.000,.000,.000,.000,-0.0
 ,Kyle McGowin,WSH,2,1,0,0,0,0,0,0,0,0,0,.000,.000,.000,.000,-0.0
 ,Edmundo Sosa,STL,2,1,0,0,0,0,0,0,0,1,1,.000,.333,.000,.333,-0.0
 ,Jeff Hoffman,COL,0,0,0,0,0,0,0,0,0,0,0,.000,.000,.000,.000,0.0
 ,Jarlin Garcia,MIA,9,0,0,0,0,0,0,0,0,1,7,.000,.100,.000,.100,-0.1
 ,Dylan Floro,CIN/LAD,4,0,0,0,0,0,0,0,0,0,2,.000,.000,.000,.000,-0.1
 ,Reynaldo Lopez,CHW,1,0,0,0,0,0,0,0,0,0,1,.000,.000,.000,.000,-0.0
921,Justin Williams,TB,1,0,0,0,0,0,0,0,0,0,0,.000,.000,.000,.000,-0.1
 ,David Hess,BAL,2,2,0,0,0,0,0,0,0,1,0,.000,.333,.000,.333,0.0
 ,Jacob Rhame,NYM,1,0,0,0,0,0,0,0,0,0,1,.000,.000,.000,.000,-0.0
 ,Matthew Boyd,DET,2,0,0,0,0,0,0,0,0,0,2,.000,.000,.000,.000,-0.0
 ,Luis Cessa,NYY,1,0,0,0,0,0,0,0,0,0,1,.000,.000,.000,.000,-0.0
 ,Michael Fulmer,DET,6,0,0,0,0,0,0,0,0,0,4,.000,.000,.000,.000,-0.1
 ,JT Chargois,LAD,1,0,0,0,0,0,0,0,0,0,0,.000,.000,.000,.000,-0.0
 ,Matt Strahm,SD,8,0,0,0,0,0,0,0,0,0,4,.000,.000,.000,.000,-0.1
 ,Robert Gsellman,NYM,3,1,0,0,0,0,0,0,0,0,2,.000,.250,.000,.250,0.0
 ,Yohander Mendez,TEX,2,0,0,0,0,0,0,0,0,0,1,.000,.000,.000,.000,-0.0
 ,Cody Reed,CIN,11,0,0,0,0,0,0,0,0,1,10,.000,.083,.000,.083,-0.1
 ,Felix Pena,LAA,6,0,0,0,0,0,0,0,0,0,1,.000,.000,.000,.000,-0.1
 ,Harrison Musgrave,COL,3,0,0,0,0,0,0,0,0,0,1,.000,.000,.000,.000,-0.0
 ,Wander Suero,WSH,3,0,0,0,0,0,0,0,0,0,1,.000,.000,.000,.000,-0.0
 ,Adam Plutko,CLE,0,0,0,0,0,0,0,0,0,0,0,.000,.000,.000,.000,0.0
 ,Jaime Barria,LAA,5,0,0,0,0,0,0,0,0,0,1,.000,.000,.000,.000,-0.1
 ,Paul Sewald,NYM,5,0,0,0,0,0,0,0,0,0,2,.000,.000,.000,.000,-0.1
 ,Enyel De Los Santos,PHI,3,0,0,0,0,0,0,0,0,0,2,.000,.000,.000,.000,-0.1
 ,Austin Voth,WSH,2,0,0,0,0,0,0,0,0,0,1,.000,.000,.000,.000,-0.0
 ,Warwick Saupold,DET,1,0,0,0,0,0,0,0,0,0,1,.000,.000,.000,.000,-0.0
 ,Sandy Alcantara,MIA,12,0,0,0,0,0,0,0,0,1,8,.000,.077,.000,.077,-0.1
 ,Richard Rodriguez,PIT,2,0,0,0,0,0,0,0,0,0,2,.000,.000,.000,.000,-0.0
 ,Ariel Jurado,TEX,0,0,0,0,0,0,0,0,0,0,0,.000,.000,.000,.000,0.0
 ,Jacob Nix,SD,15,0,0,0,0,0,0,0,0,0,11,.000,.000,.000,.000,-0.2
 ,Luke Farrell,CHC,4,0,0,0,0,0,0,0,0,0,3,.000,.000,.000,.000,-0.1
 ,Kevin Kaczmarski,NYM,4,0,0,0,0,0,0,0,1,1,1,.000,.200,.000,.200,-0.1
 ,Adam Cimber,CLE/SD,4,0,0,0,0,0,0,0,0,0,3,.000,.000,.000,.000,-0.1
 ,Andrew Kittredge,TB,1,0,0,0,0,0,0,0,0,0,1,.000,.000,.000,.000,-0.0
 ,Kyle McGrath,SD,1,0,0,0,0,0,0,0,0,0,0,.000,.000,.000,.000,-0.0
 ,Brock Stewart,LAD,2,0,0,0,0,0,0,0,0,0,2,.000,.000,.000,.000,-0.0
 ,Aaron Wilkerson,MIL,2,0,0,0,0,0,0,0,0,0,1,.000,.000,.000,.000,-0.0
 ,Wandy Peralta,CIN,1,0,0,0,0,0,0,0,0,0,1,.000,.000,.000,.000,-0.0
 ,Giovanny Gallegos,NYY/STL,1,0,0,0,0,0,0,0,0,0,0,.000,.000,.000,.000,-0.0
 ,Yefry Ramirez,BAL,2,0,0,0,0,0,0,0,0,0,1,.000,.000,.000,.000,-0.0
 ,Jakob Junis,KC,2,0,0,0,0,0,0,0,0,0,1,.000,.000,.000,.000,-0.0
 ,Fernando Romero,MIN,3,0,0,0,0,0,0,0,0,0,3,.000,.000,.000,.000,-0.0
 ,Yency Almonte,COL,1,0,0,0,0,0,0,0,0,0,0,.000,.000,.000,.000,-0.0
 ,Reyes Moronta,SF,1,0,0,0,0,0,0,0,0,0,1,.000,.000,.000,.000,-0.0
 ,Drew Gagnon,NYM,1,0,0,0,0,0,1,0,0,0,0,.000,.000,.000,.000,-0.0
 ,Eric Skoglund,KC,3,0,0,0,0,0,0,0,0,0,2,.000,.000,.000,.000,-0.0
961,Roberto Gomez,SF,2,0,0,0,0,0,0,0,0,0,2,.000,.000,.000,.000,-0.0
 ,Hector Velazquez,BOS,1,0,0,0,0,0,0,0,0,0,0,.000,.000,.000,.000,-0.0
 ,Mark Leiter Jr.,TOR/PHI,3,0,0,0,0,0,0,0,0,0,2,.000,.000,.000,.000,-0.0
 ,Jalen Beeks,BOS/TB,2,0,0,0,0,0,0,0,0,0,1,.000,.000,.000,.000,-0.0
 ,Tim Hill,KC,1,0,0,0,0,0,0,0,0,0,1,.000,.000,.000,.000,-0.0
 ,Yacksel Rios,PHI,1,0,0,0,0,0,0,0,0,0,1,.000,.000,.000,.000,-0.0
 ,Seranthony Dominguez,PHI,1,0,0,0,0,0,0,0,0,1,1,.000,.500,.000,.500,0.0
 ,Jordan Hicks,STL,1,0,0,0,0,0,0,0,0,0,1,.000,.000,.000,.000,-0.0
 ,Tim Peterson,NYM,2,0,0,0,0,0,0,0,0,0,1,.000,.000,.000,.000,-0.0
 ,Dakota Hudson,STL,1,0,0,0,0,0,0,0,0,0,0,.000,.000,.000,.000,-0.0
 ,Jose Castillo,SD,1,0,0,0,0,0,1,0,0,0,0,.000,.000,.000,.000,0.0
 ,Austin Davis,PHI,3,0,0,0,0,0,0,0,0,0,3,.000,.000,.000,.000,-0.0
 ,John Brebbia,STL,2,0,0,0,0,0,0,0,0,0,1,.000,.000,.000,.000,0.0
 ,Diego Castillo,TB,1,0,0,0,0,0,0,0,0,0,1,.000,.000,.000,.000,-0.0
 ,Troy Scribner,ARI,1,0,0,0,0,0,0,0,0,0,1,.000,.000,.000,.000,-0.0
 ,Jonathan Loaisiga,NYY,2,0,0,0,0,0,0,0,0,0,2,.000,.000,.000,.000,-0.0
 ,Tyler Bashlor,NYM,1,0,0,0,0,0,0,0,0,0,1,.000,.000,.000,.000,-0.0
 ,Corey Oswalt,NYM,18,0,0,0,0,0,0,0,0,0,10,.000,.000,.000,.000,-0.1
 ,Yonny Chirinos,TB,1,0,0,0,0,0,0,0,0,0,1,.000,.000,.000,.000,-0.0
 ,Elieser Hernandez,MIA,11,0,0,0,0,0,0,0,0,0,7,.000,.000,.000,.000,-0.1
 ,Brett Graves,MIA,2,0,0,0,0,0,0,0,0,0,1,.000,.000,.000,.000,-0.0
 ,Yoshihisa Hirano,ARI,1,0,0,0,0,0,0,0,0,0,0,.000,.000,.000,.000,-0.0
 ,Kazuhisa Makita,SD,3,0,0,0,0,0,0,0,0,0,2,.000,.000,.000,.000,-0.0
 ,Brett Kennedy,SD,8,0,0,0,0,0,0,0,0,0,4,.000,.000,.000,.000,-0.1
 ,Corbin Burnes,MIL,0,0,0,0,0,0,0,0,0,0,0,.000,.000,.000,.000,0.0
 ,Alex McRae,PIT,2,0,0,0,0,0,0,0,0,0,0,.000,.000,.000,.000,-0.0
 ,Ben Meyer,MIA,1,0,0,0,0,0,0,0,0,0,0,.000,.000,.000,.000,-0.0
 ,D.J. Snelten,SF,1,0,0,0,0,0,0,0,0,0,1,.000,.000,.000,.000,-0.0
 ,James Norwood,CHC,3,0,0,0,0,0,0,0,0,0,1,.000,.000,.000,.000,-0.1
 ,Tanner Anderson,PIT,1,0,0,0,0,0,0,0,0,0,0,.000,.000,.000,.000,-0.0
 ,Bryse Wilson,ATL,2,0,0,0,0,0,0,0,0,0,0,.000,.000,.000,.000,-0.0
 ,Drew Anderson,PHI,3,0,0,0,0,0,0,0,0,0,1,.000,.000,.000,.000,0.0
